datetime,location_name,operator,capacity_mw,county,state,grid,latitude,longitude,calculated_aqi,pm10,pm2_5,temperature_2m,relative_humidity_2m,wind_speed_10m,precipitation,pressure_msl,carbon_monoxide,nitrogen_dioxide,sulphur_dioxide,ozone,dust,uv_index,uv_index_clear_sky,ammonia,alder_pollen,birch_pollen,grass_pollen,mugwort_pollen,olive_pollen,ragweed_pollen,dew_point_2m,apparent_temperature,rain,snowfall,weather_code,surface_pressure,cloud_cover,cloud_cover_low,cloud_cover_mid,cloud_cover_high,evapotranspiration,et0_fao_evapotranspiration,vapour_pressure_deficit,wind_speed_100m,wind_direction_10m,wind_direction_100m,wind_gusts_10m,soil_temperature_0_to_7cm,soil_moisture_0_to_7cm
2025-09-19 04:00:00+00:00,CTGB Maloney and Webster,TotalEnergies,2.0,Tolland,CT,ISNE,41.8722,-72.3695,25.83333253860474,6.4,6.2,17.5135,72.4944,8.461914,0.0,1013.1,277.0,26.7,2.5,61.0,0.0,0.0,0.0,,,,,,,,12.513499,17.067488,0.0,0.0,0.0,988.5736,0.0,0.0,0.0,0.0,,0.018919433,0.5509254,19.192593,268.78116,290.30457,14.759999,16.4135,0.151
2025-09-19 05:00:00+00:00,CTGB Maloney and Webster,TotalEnergies,2.0,Tolland,CT,ISNE,41.8722,-72.3695,22.08333412806193,5.4,5.3,17.1135,74.10677,8.827344,0.0,1012.9,271.0,16.9,2.5,75.0,0.0,0.0,0.0,,,,,,,,12.4635,16.59784,0.0,0.0,0.0,988.3453,0.0,0.0,0.0,0.0,,0.017737634,0.50570095,19.530622,267.66275,289.93808,15.119999,16.063501,0.151
2025-09-19 06:00:00+00:00,CTGB Maloney and Webster,TotalEnergies,2.0,Tolland,CT,ISNE,41.8722,-72.3695,27.499999602635704,6.8,6.6,16.7635,75.52076,8.656858,0.0,1012.7,263.0,9.5,2.6,86.0,0.0,0.0,0.0,,,,,,,,12.4135,16.256367,0.0,0.0,0.0,988.1208,0.0,0.0,0.0,0.0,,0.014987797,0.46761024,19.574533,273.57626,294.44394,15.119999,15.763499,0.151
2025-09-19 07:00:00+00:00,CTGB Maloney and Webster,TotalEnergies,2.0,Tolland,CT,ISNE,41.8722,-72.3695,34.16666587193807,8.6,8.2,16.5135,76.72967,9.039514,0.0,1012.6,252.0,6.5,2.9,91.0,0.0,0.0,0.0,,,,,,,,12.4135,15.950644,0.0,0.0,0.0,988.0021,0.0,0.0,0.0,0.0,,0.014396695,0.4375217,20.251398,282.65256,300.43964,15.119999,15.513499,0.151
2025-09-19 08:00:00+00:00,CTGB Maloney and Webster,TotalEnergies,2.0,Tolland,CT,ISNE,41.8722,-72.3695,40.833334128061935,10.2,9.8,16.2635,77.70482,9.595874,0.0,1012.5,239.0,5.9,3.2,93.0,1.0,0.0,0.0,,,,,,,,12.3635,15.60318,0.0,0.0,0.0,987.8837,0.0,0.0,0.0,0.0,,0.014508412,0.41257834,21.240763,293.1986,306.38446,16.56,15.313499,0.151
2025-09-19 09:00:00+00:00,CTGB Maloney and Webster,TotalEnergies,2.0,Tolland,CT,ISNE,41.8722,-72.3695,46.2500015894572,11.6,11.1,16.0135,79.21314,9.901636,0.0,1012.8,233.0,6.5,3.6,93.0,1.0,0.0,0.0,,,,,,,,12.4135,15.325069,0.0,0.0,0.0,988.1556,0.0,0.0,0.0,0.0,,0.0130235925,0.37858784,21.423023,297.0308,307.83282,16.919998,15.1635,0.151
2025-09-19 10:00:00+00:00,CTGB Maloney and Webster,TotalEnergies,2.0,Tolland,CT,ISNE,41.8722,-72.3695,50.641026048578766,12.8,12.3,15.763499,80.753136,10.248941,0.0,1013.1,241.0,9.1,4.0,89.0,1.0,0.0,0.0,,,,,,,,12.4635,15.040943,0.0,0.0,0.0,988.4271,0.0,0.0,0.0,0.0,,0.011502239,0.3449905,21.6457,300.61853,308.58542,17.64,15.063499,0.151
2025-09-19 11:00:00+00:00,CTGB Maloney and Webster,TotalEnergies,2.0,Tolland,CT,ISNE,41.8722,-72.3695,54.05982824472281,14.4,13.9,15.563499,82.331726,10.548061,0.0,1013.8,256.0,13.0,4.4,84.0,1.0,0.1,0.1,,,,,,,,12.563499,14.830423,0.0,0.0,0.0,989.0932,0.0,0.0,0.0,0.0,,0.031131169,0.31266975,21.76512,306.67444,314.66495,18.359999,15.063499,0.151
2025-09-19 12:00:00+00:00,CTGB Maloney and Webster,TotalEnergies,2.0,Tolland,CT,ISNE,41.8722,-72.3695,13.333333532015484,3.2,3.2,17.0135,81.97756,10.120099,0.0,1014.4,263.0,13.6,4.3,82.0,0.0,0.6,0.6,,,,,,,,13.9135,16.807634,0.0,0.0,0.0,989.8004,0.0,0.0,0.0,0.0,,0.061281525,0.34973443,19.89631,308.50067,318.66788,18.72,15.7135,0.151
2025-09-19 13:00:00+00:00,CTGB Maloney and Webster,TotalEnergies,2.0,Tolland,CT,ISNE,41.8722,-72.3695,16.2500003973643,3.9,3.9,19.2635,74.47349,7.6473517,0.0,1014.6,254.0,10.5,4.0,87.0,0.0,1.7,1.7,,,,,,,,14.6135,19.672981,0.0,0.0,0.0,990.1822,0.0,0.0,0.0,0.0,,0.16654596,0.5704049,15.580141,296.56497,310.31403,18.0,16.213501,0.162
2025-09-19 14:00:00+00:00,CTGB Maloney and Webster,TotalEnergies,2.0,Tolland,CT,ISNE,41.8722,-72.3695,16.666666666666668,4.1,4.0,20.713501,69.85593,8.836514,0.0,1014.9,237.0,6.2,3.5,95.0,0.0,3.25,3.25,,,,,,,,15.013499,21.099491,0.0,0.0,0.0,990.5939,0.0,0.0,0.0,0.0,,0.27932093,0.73674536,12.678185,303.36636,308.65982,22.319998,17.813501,0.16
2025-09-19 15:00:00+00:00,CTGB Maloney and Webster,TotalEnergies,2.0,Tolland,CT,ISNE,41.8722,-72.3695,15.416666865348818,3.9,3.7,22.213501,67.29536,9.485504,0.0,1014.7,221.0,2.9,3.0,100.0,0.0,4.7,4.75,,,,,,,,15.8635,23.221436,0.0,0.0,0.0,990.5201,0.0,0.0,0.0,0.0,,0.37822983,0.8760394,13.392774,303.38855,306.25394,24.48,19.313501,0.158
2025-09-19 16:00:00+00:00,CTGB Maloney and Webster,TotalEnergies,2.0,Tolland,CT,ISNE,41.8722,-72.3695,14.583333333333334,3.7,3.5,23.463501,60.614826,13.729647,0.0,1014.7,206.0,1.7,2.4,101.0,0.0,5.65,5.75,,,,,,,,15.4135,24.202627,0.0,0.0,1.0,990.62054,23.0,23.0,0.0,0.0,,0.4566418,1.1378909,19.229694,304.31516,305.4754,32.039997,20.563501,0.156
2025-09-19 17:00:00+00:00,CTGB Maloney and Webster,TotalEnergies,2.0,Tolland,CT,ISNE,41.8722,-72.3695,13.749999801317852,3.6,3.3,24.0135,57.522488,14.33347,0.0,1014.4,191.0,1.5,1.9,99.0,1.0,5.75,5.8,,,,,,,,15.1135,24.695688,0.0,0.0,0.0,990.3717,10.0,10.0,0.0,0.0,,0.4860794,1.2684889,20.160803,305.28683,307.38153,33.839996,21.563501,0.153
2025-09-19 18:00:00+00:00,CTGB Maloney and Webster,TotalEnergies,2.0,Tolland,CT,ISNE,41.8722,-72.3695,13.749999801317852,3.7,3.3,24.213501,54.50471,13.4903965,0.0,1014.3,182.0,1.6,1.4,97.0,1.0,4.9,4.95,,,,,,,,14.4635,24.608221,0.0,0.0,0.0,990.2898,10.0,10.0,0.0,0.0,,0.47613403,1.3750432,19.070658,301.35703,303.8401,33.839996,22.213501,0.15
2025-09-19 19:00:00+00:00,CTGB Maloney and Webster,TotalEnergies,2.0,Tolland,CT,ISNE,41.8722,-72.3695,13.749999801317852,3.8,3.3,24.2635,52.101402,12.932471,0.0,1014.1,181.0,1.3,1.1,96.0,1.0,3.45,3.45,,,,,,,,13.813499,24.175753,0.0,0.0,0.0,990.0987,6.0,6.0,0.0,0.0,,0.44369152,1.4520777,18.252037,304.7961,306.983,32.039997,22.563501,0.147
2025-09-19 20:00:00+00:00,CTGB Maloney and Webster,TotalEnergies,2.0,Tolland,CT,ISNE,41.8722,-72.3695,13.749999801317852,3.9,3.3,24.0135,52.206028,11.988594,0.0,1014.1,186.0,1.3,0.9,95.0,1.0,1.9,1.9,,,,,,,,13.6135,23.424847,0.0,0.0,0.0,990.07874,4.0,4.0,0.0,0.0,,0.36973003,1.4273887,17.441433,311.3477,313.7456,29.88,22.563501,0.145
2025-09-19 21:00:00+00:00,CTGB Maloney and Webster,TotalEnergies,2.0,Tolland,CT,ISNE,41.8722,-72.3695,14.999999602635702,4.1,3.6,23.4135,56.09278,10.086427,0.0,1014.3,193.0,3.3,0.9,91.0,1.0,0.75,0.75,,,,,,,,14.1635,23.299232,0.0,0.0,0.0,990.22595,1.0,1.0,0.0,0.0,,0.25974962,1.2648286,16.525724,325.17545,327.0023,27.0,22.2635,0.143
2025-09-19 22:00:00+00:00,CTGB Maloney and Webster,TotalEnergies,2.0,Tolland,CT,ISNE,41.8722,-72.3695,20.0000007947286,5.3,4.8,21.6135,62.16982,9.600937,0.0,1014.7,205.0,9.5,1.0,81.0,1.0,0.15,0.15,,,,,,,,14.063499,21.53501,0.0,0.0,0.0,990.47156,1.0,1.0,0.0,0.0,,0.13763581,0.97707903,19.091883,353.54126,351.87,20.519999,21.463501,0.142
2025-09-19 23:00:00+00:00,CTGB Maloney and Webster,TotalEnergies,2.0,Tolland,CT,ISNE,41.8722,-72.3695,25.83333253860474,6.8,6.2,19.1635,61.60931,11.659777,0.0,1015.5,220.0,17.6,1.3,68.0,1.0,0.0,0.0,,,,,,,,11.6135,17.960718,0.0,0.0,0.0,991.0522,2.0,2.0,0.0,0.0,,0.069018595,0.85269153,25.022587,8.8805895,0.8243267,20.519999,20.1635,0.142
2025-09-20 00:00:00+00:00,CTGB Maloney and Webster,TotalEnergies,2.0,Tolland,CT,ISNE,41.8722,-72.3695,15.416666865348818,3.7,3.7,17.963501,64.466545,12.236029,0.0,1016.4,227.0,22.2,1.5,57.0,0.0,0.0,0.0,,,,,,,,11.1635,16.537851,0.0,0.0,0.0,991.8313,1.0,1.0,0.0,0.0,,0.04702331,0.73220825,25.842384,26.188055,18.687443,22.319998,19.1135,0.142
2025-09-20 01:00:00+00:00,CTGB Maloney and Webster,TotalEnergies,2.0,Tolland,CT,ISNE,41.8722,-72.3695,12.083333730697632,3.0,2.9,17.1135,57.730164,11.9466305,0.0,1018.0,218.0,18.7,1.5,58.0,0.0,0.0,0.0,,,,,,,,8.7135,15.033222,0.0,0.0,0.0,993.32166,0.0,0.0,0.0,0.0,,0.05593883,0.8256825,26.660059,30.815645,33.153618,25.56,18.463501,0.129
2025-09-20 02:00:00+00:00,CTGB Maloney and Webster,TotalEnergies,2.0,Tolland,CT,ISNE,41.8722,-72.3695,9.583333134651184,2.3,2.3,15.9635,57.640068,10.308831,0.0,1019.0,200.0,13.7,1.4,59.0,0.0,0.0,0.0,,,,,,,,7.6135,13.840866,0.0,0.0,0.0,994.2004,0.0,0.0,0.0,0.0,,0.045989495,0.76919734,23.4,12.094739,22.61991,21.96,17.563501,0.129
2025-09-20 03:00:00+00:00,CTGB Maloney and Webster,TotalEnergies,2.0,Tolland,CT,ISNE,41.8722,-72.3695,7.499999801317851,1.9,1.8,15.013499,55.843983,12.835653,0.0,1019.6,185.0,9.7,1.4,60.0,0.0,0.0,0.0,,,,,,,,6.2635,12.201616,0.0,0.0,0.0,994.7052,0.0,0.0,0.0,0.0,,0.05891077,0.75452304,27.578209,14.620926,21.037588,23.039999,16.7635,0.129
2025-09-20 04:00:00+00:00,CTGB Maloney and Webster,TotalEnergies,2.0,Tolland,CT,ISNE,41.8722,-72.3695,6.25,1.6,1.5,14.263499,53.377934,14.401124,0.0,1020.3,177.0,7.4,1.4,62.0,0.0,0.0,0.0,,,,,,,,4.9135003,10.927813,0.0,0.0,0.0,995.3239,0.0,0.0,0.0,0.0,,0.0683009,0.7590883,30.318111,18.208578,21.232971,27.72,16.1635,0.129
2025-09-20 05:00:00+00:00,CTGB Maloney and Webster,TotalEnergies,2.0,Tolland,CT,ISNE,41.8722,-72.3695,5.416666467984518,1.3,1.3,13.4635,53.726875,14.687382,0.0,1020.6,172.0,6.0,1.5,64.0,0.0,0.0,0.0,,,,,,,,4.2635,9.952334,0.0,0.0,0.0,995.548,0.0,0.0,0.0,0.0,,0.06679263,0.71532315,30.75262,19.323278,22.361948,28.44,15.6635,0.128
2025-09-20 06:00:00+00:00,CTGB Maloney and Webster,TotalEnergies,2.0,Tolland,CT,ISNE,41.8722,-72.3695,5.416666467984518,1.3,1.3,12.813499,55.469173,13.905509,0.0,1020.9,168.0,5.1,1.6,65.0,0.0,0.0,0.0,,,,,,,,4.1135,9.386284,0.0,0.0,0.0,995.78455,0.0,0.0,0.0,0.0,,0.059059083,0.6598153,29.260937,21.25058,23.568855,28.44,15.1635,0.128
2025-09-20 07:00:00+00:00,CTGB Maloney and Webster,TotalEnergies,2.0,Tolland,CT,ISNE,41.8722,-72.3695,5.416666467984518,1.3,1.3,12.063499,60.34278,12.56008,0.0,1021.2,166.0,4.5,1.7,64.0,0.0,0.0,0.0,,,,,,,,4.6135,8.934055,0.0,0.0,0.0,996.0119,2.0,0.0,0.0,2.0,,0.044648677,0.55939287,27.13765,25.463305,28.094757,27.0,14.6135,0.128
2025-09-20 08:00:00+00:00,CTGB Maloney and Webster,TotalEnergies,2.0,Tolland,CT,ISNE,41.8722,-72.3695,5.833333233992259,1.4,1.4,11.313499,65.42639,10.315115,0.0,1021.9,165.0,4.3,1.9,62.0,0.0,0.0,0.0,,,,,,,,5.0635,8.60556,0.0,0.0,0.0,996.62946,12.0,0.0,0.0,12.0,,0.02848152,0.46413642,23.015377,29.248732,33.19296,23.759998,14.063499,0.128
2025-09-20 09:00:00+00:00,CTGB Maloney and Webster,TotalEnergies,2.0,Tolland,CT,ISNE,41.8722,-72.3695,5.833333233992259,1.4,1.4,10.6135,69.49869,9.901636,0.0,1022.3,167.0,4.8,2.0,59.0,0.0,0.0,0.0,,,,,,,,5.2635,8.008529,0.0,0.0,1.0,996.95795,47.0,0.0,0.0,47.0,,0.021291718,0.3908807,21.618742,27.03079,34.484016,18.72,13.4635,0.128
2025-09-20 10:00:00+00:00,CTGB Maloney and Webster,TotalEnergies,2.0,Tolland,CT,ISNE,41.8722,-72.3695,6.666666766007742,1.6,1.6,10.013499,72.58963,10.385547,0.0,1023.1,175.0,6.5,2.1,53.0,0.0,0.0,0.0,,,,,,,,5.3135,7.3487005,0.0,0.0,1.0,997.6851,27.0,0.0,0.0,27.0,,0.018331653,0.3374883,22.166325,25.676775,34.07725,18.359999,12.9135,0.127
2025-09-20 11:00:00+00:00,CTGB Maloney and Webster,TotalEnergies,2.0,Tolland,CT,ISNE,41.8722,-72.3695,8.333333333333334,2.0,2.0,9.6135,75.341644,10.63372,0.0,1024.2,185.0,8.8,2.2,46.0,0.0,0.1,0.1,,,,,,,,5.4635,6.9449396,0.0,0.0,0.0,998.7222,9.0,0.0,0.0,9.0,,0.03471534,0.29557896,22.169981,33.959103,42.367516,18.72,12.4635,0.127
2025-09-20 12:00:00+00:00,CTGB Maloney and Webster,TotalEnergies,2.0,Tolland,CT,ISNE,41.8722,-72.3695,0.0,0.0,0.0,11.1135,75.59519,9.984729,0.0,1025.0,190.0,8.0,2.1,46.0,0.0,0.55,0.55,,,,,,,,6.9635,8.880881,0.0,0.0,0.0,999.6351,12.0,0.0,0.0,12.0,,0.055161286,0.32330066,22.146584,27.950872,44.999897,20.519999,12.763499,0.127
2025-09-20 13:00:00+00:00,CTGB Maloney and Webster,TotalEnergies,2.0,Tolland,CT,ISNE,41.8722,-72.3695,3.7499999006589255,0.9,0.9,13.313499,65.864624,8.244708,0.0,1025.4,185.0,6.7,2.0,53.0,0.0,1.6,1.65,,,,,,,,7.0635,11.358371,0.0,0.0,0.0,1000.2173,14.0,0.0,0.0,14.0,,0.1491478,0.52252865,12.992459,36.11944,42.754242,20.519999,13.563499,0.129
2025-09-20 14:00:00+00:00,CTGB Maloney and Webster,TotalEnergies,2.0,Tolland,CT,ISNE,41.8722,-72.3695,3.7499999006589255,0.9,0.9,15.1635,57.243256,7.928177,0.0,1025.8,175.0,5.0,1.8,63.0,0.0,3.15,3.15,,,,,,,,6.7635,13.183081,0.0,0.0,1.0,1000.7665,32.0,0.0,0.0,32.0,,0.25612193,0.7376757,11.236671,50.52757,54.782326,21.599998,14.9135,0.128
2025-09-20 15:00:00+00:00,CTGB Maloney and Webster,TotalEnergies,2.0,Tolland,CT,ISNE,41.8722,-72.3695,4.166666666666667,1.0,1.0,16.563501,51.276085,6.156947,0.0,1025.7,167.0,3.5,1.7,73.0,0.0,4.6,4.65,,,,,,,,6.4635,15.317181,0.0,0.0,1.0,1000.7882,36.0,0.0,0.0,36.0,,0.35028955,0.9192292,8.53815,52.124958,55.304783,21.24,16.2635,0.126
2025-09-20 16:00:00+00:00,CTGB Maloney and Webster,TotalEnergies,2.0,Tolland,CT,ISNE,41.8722,-72.3695,4.583333432674408,1.1,1.1,17.6135,48.14393,4.846648,0.0,1025.5,164.0,2.6,1.6,82.0,0.0,5.6,5.6,,,,,,,,6.5135,17.212568,0.0,0.0,0.0,1000.6816,16.0,0.0,0.0,16.0,,0.4192983,1.0454826,6.59154,31.328646,34.9921,19.44,17.563501,0.124
2025-09-20 17:00:00+00:00,CTGB Maloney and Webster,TotalEnergies,2.0,Tolland,CT,ISNE,41.8722,-72.3695,5.416666467984518,1.4,1.3,18.4135,46.41652,3.710795,0.0,1025.3,163.0,2.1,1.5,92.0,0.0,5.65,5.7,,,,,,,,6.7135,18.52362,0.0,0.0,0.0,1000.55365,12.0,0.0,0.0,12.0,,0.4543509,1.1359477,5.020677,14.036275,14.534496,17.64,18.6135,0.122
2025-09-20 18:00:00+00:00,CTGB Maloney and Webster,TotalEnergies,2.0,Tolland,CT,ISNE,41.8722,-72.3695,6.666666766007742,1.6,1.6,18.963501,45.623077,2.2768397,0.0,1024.9,164.0,1.9,1.5,99.0,0.0,4.8,4.8,,,,,,,,6.9635,19.257086,0.0,0.0,0.0,1000.2092,8.0,0.0,0.0,8.0,,0.44816175,1.1930447,3.1072817,341.56494,349.99207,15.84,19.4135,0.12
2025-09-20 19:00:00+00:00,CTGB Maloney and Webster,TotalEnergies,2.0,Tolland,CT,ISNE,41.8722,-72.3695,7.499999801317851,1.9,1.8,19.1635,46.14999,2.1749482,0.0,1024.6,160.0,0.4,1.5,106.0,0.0,3.3,3.35,,,,,,,,7.3135,19.036577,0.0,0.0,0.0,999.93304,12.0,0.0,0.0,12.0,,0.39954188,1.1962768,2.657668,294.44394,298.30066,13.32,19.8635,0.118
2025-09-20 20:00:00+00:00,CTGB Maloney and Webster,TotalEnergies,2.0,Tolland,CT,ISNE,41.8722,-72.3695,8.333333333333334,2.1,2.0,19.0135,47.385525,3.62243,0.0,1024.4,156.0,0.0,1.5,111.0,0.0,1.8,1.85,,,,,,,,7.5635,17.865828,0.0,0.0,1.0,999.72534,22.0,0.0,0.0,22.0,,0.31988907,1.157954,4.510787,296.56497,298.61035,13.679999,19.9135,0.116
2025-09-20 21:00:00+00:00,CTGB Maloney and Webster,TotalEnergies,2.0,Tolland,CT,ISNE,41.8722,-72.3695,9.166666865348816,2.3,2.2,18.5135,48.88962,5.004518,0.0,1024.3,172.0,3.1,1.6,109.0,0.0,0.7,0.7,,,,,,,,7.5635,17.151407,0.0,0.0,1.0,999.58624,41.0,0.0,0.0,41.0,,0.22008297,1.0902882,6.4096174,307.6943,308.15726,13.679999,19.563501,0.115
2025-09-20 22:00:00+00:00,CTGB Maloney and Webster,TotalEnergies,2.0,Tolland,CT,ISNE,41.8722,-72.3695,22.916666666666668,5.5,5.5,17.5135,58.81046,4.471107,0.0,1024.2,229.0,16.8,1.7,93.0,0.0,0.15,0.15,,,,,,,,9.3635,16.698511,0.0,0.0,1.0,999.4049,33.0,0.0,0.0,33.0,,0.1035272,0.82513285,9.299225,319.89914,317.35333,12.959999,18.713501,0.115
2025-09-20 23:00:00+00:00,CTGB Maloney and Webster,TotalEnergies,2.0,Tolland,CT,ISNE,41.8722,-72.3695,39.583333333333336,9.6,9.5,15.2135,64.944885,3.9966488,0.0,1024.7,306.0,35.5,1.9,69.0,0.0,0.0,0.0,,,,,,,,8.6635,14.279835,0.0,0.0,1.0,999.69763,31.0,0.0,0.0,31.0,,0.023238862,0.60670674,9.107359,352.23492,341.56494,7.5599995,17.0135,0.115
2025-09-21 00:00:00+00:00,CTGB Maloney and Webster,TotalEnergies,2.0,Tolland,CT,ISNE,41.8722,-72.3695,54.05982824472281,13.9,13.9,13.9135,63.34421,4.3573384,0.0,1024.9,348.0,53.7,2.2,44.0,0.0,0.0,0.0,,,,,,,,7.0635,12.525209,0.0,0.0,0.0,999.7812,1.0,0.0,0.0,1.0,,0.007313719,0.58341825,9.4238205,51.709793,28.523024,7.2,15.4635,0.115
2025-09-21 01:00:00+00:00,CTGB Maloney and Webster,TotalEnergies,2.0,Tolland,CT,ISNE,41.8722,-72.3695,61.111112741323616,17.6,17.2,13.263499,76.98177,10.316686,0.0,1025.8,324.0,56.5,2.4,38.0,0.0,0.0,0.0,,,,,,,,9.313499,11.5832,0.0,0.0,0.0,1000.6031,0.0,0.0,0.0,0.0,,0.015121344,0.35118067,17.95404,137.12111,154.46262,16.56,14.013499,0.129
2025-09-21 02:00:00+00:00,CTGB Maloney and Webster,TotalEnergies,2.0,Tolland,CT,ISNE,41.8722,-72.3695,64.10256491767035,19.2,18.6,12.063499,79.43742,10.036512,0.0,1026.4,266.0,60.0,2.6,29.0,0.0,0.0,0.0,,,,,,,,8.6135,10.236268,0.0,0.0,0.0,1001.0837,0.0,0.0,0.0,0.0,,0.010368684,0.29002106,21.53089,147.45001,159.44388,19.08,13.563499,0.129
2025-09-21 03:00:00+00:00,CTGB Maloney and Webster,TotalEnergies,2.0,Tolland,CT,ISNE,41.8722,-72.3695,62.39316076294989,18.6,17.8,11.563499,79.63495,8.404285,0.0,1027.0,220.0,59.5,2.7,24.0,0.0,0.0,0.0,,,,,,,,8.1635,9.85761,0.0,0.0,0.0,1001.62506,0.0,0.0,0.0,0.0,,0.006065634,0.27792752,17.951334,133.26433,153.1781,17.28,12.9635,0.129
2025-09-21 04:00:00+00:00,CTGB Maloney and Webster,TotalEnergies,2.0,Tolland,CT,ISNE,41.8722,-72.3695,55.55555637066181,15.7,14.6,11.263499,82.62022,8.39078,0.0,1027.2,204.0,51.4,2.5,26.0,0.0,0.0,0.0,,,,,,,,8.4135,9.624046,0.0,0.0,0.0,1001.7939,0.0,0.0,0.0,0.0,,0.0026353784,0.23252654,17.22742,125.39488,153.97047,14.04,12.4135,0.129
2025-09-21 05:00:00+00:00,CTGB Maloney and Webster,TotalEnergies,2.0,Tolland,CT,ISNE,41.8722,-72.3695,50.0,13.5,12.0,11.1135,86.3149,8.534353,0.0,1027.1,201.0,39.3,2.2,32.0,0.0,0.0,0.0,,,,,,,,8.9135,9.5849495,0.0,0.0,0.0,1001.6831,0.0,0.0,0.0,0.0,,0.0,0.18128192,16.828796,117.64589,147.66983,14.4,12.063499,0.129
2025-09-21 06:00:00+00:00,CTGB Maloney and Webster,TotalEnergies,2.0,Tolland,CT,ISNE,41.8722,-72.3695,44.16666825612386,12.2,10.6,10.9635,88.36186,8.61371,0.0,1027.2,197.0,30.0,2.0,35.0,0.0,0.0,0.0,,,,,,,,9.1135,9.477224,0.0,0.0,0.0,1001.76746,0.0,0.0,0.0,0.0,,0.0,0.15263939,15.676542,116.02953,145.76248,14.4,11.813499,0.129
2025-09-21 07:00:00+00:00,CTGB Maloney and Webster,TotalEnergies,2.0,Tolland,CT,ISNE,41.8722,-72.3695,42.08333492279053,11.7,10.1,10.763499,89.242775,8.155807,0.0,1027.0,188.0,26.5,1.9,34.0,0.0,0.0,0.0,,,,,,,,9.063499,9.330483,0.0,0.0,0.0,1001.55475,0.0,0.0,0.0,0.0,,0.0,0.13922477,14.292725,112.036285,143.70728,14.4,11.513499,0.129
2025-09-21 08:00:00+00:00,CTGB Maloney and Webster,TotalEnergies,2.0,Tolland,CT,ISNE,41.8722,-72.3695,42.08333492279053,11.7,10.1,10.563499,89.83082,6.0347,0.0,1027.0,180.0,25.7,1.8,30.0,0.0,0.0,0.0,,,,,,,,8.9635,9.41289,0.0,0.0,0.0,1001.53705,9.0,0.0,0.0,9.0,,0.0,0.12987518,11.583109,107.35411,147.05078,13.32,11.1635,0.129
2025-09-21 09:00:00+00:00,CTGB Maloney and Webster,TotalEnergies,2.0,Tolland,CT,ISNE,41.8722,-72.3695,43.333331743876144,12.0,10.4,10.4135,89.819374,5.0688457,0.0,1027.1,177.0,25.4,1.7,27.0,0.0,0.0,0.0,,,,,,,,8.813499,9.363661,0.0,0.0,1.0,1001.6214,24.0,0.0,0.0,24.0,,0.0,0.12872946,8.936778,96.11541,145.66972,10.08,10.813499,0.129
2025-09-21 10:00:00+00:00,CTGB Maloney and Webster,TotalEnergies,2.0,Tolland,CT,ISNE,41.8722,-72.3695,45.0000007947286,12.5,10.8,10.3635,89.51263,6.302571,0.0,1027.3,187.0,25.8,1.6,24.0,0.0,0.0,0.0,,,,,,,,8.7135,9.107218,0.0,0.0,0.0,1001.8121,1.0,0.0,0.0,1.0,,0.0,0.13216746,7.7900705,88.363464,130.31403,10.440001,10.563499,0.13
2025-09-21 11:00:00+00:00,CTGB Maloney and Webster,TotalEnergies,2.0,Tolland,CT,ISNE,41.8722,-72.3695,51.06837606837607,14.4,12.5,10.263499,90.41696,8.11798,0.0,1027.7,202.0,26.6,1.4,21.0,0.0,0.1,0.1,,,,,,,,8.763499,8.755711,0.0,0.0,0.0,1002.1932,1.0,0.0,0.0,1.0,,0.014747576,0.11996758,10.464797,86.186005,116.56499,13.679999,10.4635,0.13
2025-09-21 12:00:00+00:00,CTGB Maloney and Webster,TotalEnergies,2.0,Tolland,CT,ISNE,41.8722,-72.3695,51.06837606837607,14.3,12.5,12.013499,88.15702,7.922045,0.0,1028.0,209.0,25.2,2.5,34.0,0.0,0.55,0.55,,,,,,,,10.1135,10.907059,0.0,0.0,0.0,1002.6398,5.0,0.0,0.0,5.0,,0.041204914,0.16647959,13.091829,91.301926,108.43504,15.84,11.313499,0.13
2025-09-21 13:00:00+00:00,CTGB Maloney and Webster,TotalEnergies,2.0,Tolland,CT,ISNE,41.8722,-72.3695,42.08333492279053,12.0,10.1,13.9635,79.17954,3.9844694,0.0,1028.4,198.0,20.1,2.6,46.0,0.0,1.5,1.6,,,,,,,,10.4135,13.518028,0.0,0.0,3.0,1003.19977,100.0,0.0,0.0,100.0,,0.13872916,0.332417,8.32877,71.564964,83.796646,14.4,11.513499,0.133
2025-09-21 14:00:00+00:00,CTGB Maloney and Webster,TotalEnergies,2.0,Tolland,CT,ISNE,41.8722,-72.3695,32.083332538604736,9.9,7.7,15.813499,58.99349,7.2202215,0.0,1028.5,177.0,13.1,2.7,63.0,0.0,2.85,3.1,,,,,,,,7.8135,14.191128,0.0,0.0,3.0,1003.4564,100.0,0.0,0.0,100.0,,0.25322875,0.73752093,10.478722,94.28908,94.92702,19.44,13.4635,0.132
2025-09-21 15:00:00+00:00,CTGB Maloney and Webster,TotalEnergies,2.0,Tolland,CT,ISNE,41.8722,-72.3695,25.41666626930237,8.2,6.1,16.6135,46.393955,10.5234585,0.0,1028.1,162.0,7.6,2.7,77.0,0.0,4.15,4.55,,,,,,,,5.0635,13.98941,0.0,0.0,3.0,1003.13403,100.0,0.0,0.0,100.0,,0.32810205,1.0145891,14.759999,102.8477,102.680374,26.28,14.8635,0.13
2025-09-21 16:00:00+00:00,CTGB Maloney and Webster,TotalEnergies,2.0,Tolland,CT,ISNE,41.8722,-72.3695,17.916667461395264,5.6,4.3,17.063501,46.038544,10.765445,0.0,1027.8,157.0,5.1,2.5,86.0,0.0,4.9,5.5,,,,,,,,5.3635,14.770767,0.0,0.0,3.0,1002.8797,100.0,0.0,0.0,100.0,,0.3633243,1.0508468,14.810401,110.55613,110.63763,27.0,15.9635,0.128
2025-09-21 17:00:00+00:00,CTGB Maloney and Webster,TotalEnergies,2.0,Tolland,CT,ISNE,41.8722,-72.3695,14.999999602635702,4.4,3.6,17.563501,45.860554,9.582358,0.0,1027.5,158.0,4.2,2.1,93.0,0.0,4.95,5.55,,,,,,,,5.7635,15.7200775,0.0,0.0,3.0,1002.6291,100.0,0.0,0.0,100.0,,0.3847143,1.0881094,13.203954,118.00909,117.61294,27.0,16.813501,0.126
2025-09-21 18:00:00+00:00,CTGB Maloney and Webster,TotalEnergies,2.0,Tolland,CT,ISNE,41.8722,-72.3695,14.166667064030966,4.0,3.4,18.2635,43.281338,8.461914,0.0,1026.7,160.0,3.8,1.9,98.0,0.0,4.2,4.7,,,,,,,,5.5635,16.747747,0.0,0.0,3.0,1001.9074,100.0,0.0,0.0,100.0,,0.40726823,1.19121,11.609651,119.29127,119.74479,24.84,17.6135,0.124
2025-09-21 19:00:00+00:00,CTGB Maloney and Webster,TotalEnergies,2.0,Tolland,CT,ISNE,41.8722,-72.3695,14.166667064030966,3.9,3.4,18.4135,43.775944,9.044888,0.0,1025.7,163.0,3.0,1.8,103.0,0.0,2.95,3.25,,,,,,,,5.8635,16.43466,0.0,0.0,3.0,1000.9439,100.0,0.0,0.0,100.0,,0.36890727,1.1919572,12.287555,121.15924,121.82741,23.039999,18.063501,0.122
2025-09-21 20:00:00+00:00,CTGB Maloney and Webster,TotalEnergies,2.0,Tolland,CT,ISNE,41.8722,-72.3695,14.583333333333334,3.9,3.5,18.213501,47.002357,10.1902895,0.0,1024.9,167.0,2.8,1.8,106.0,0.0,1.6,1.8,,,,,,,,6.7135,15.8907795,0.0,0.0,3.0,1000.14655,98.0,0.0,0.0,98.0,,0.31090674,1.1095414,14.186923,125.65542,125.70678,24.48,18.1635,0.121
2025-09-21 21:00:00+00:00,CTGB Maloney and Webster,TotalEnergies,2.0,Tolland,CT,ISNE,41.8722,-72.3695,15.416666865348818,4.1,3.7,17.5135,53.49891,9.422101,0.0,1024.2,174.0,4.6,1.9,104.0,0.0,0.6,0.7,,,,,,,,7.9635005,15.607365,0.0,0.0,3.0,999.4049,97.0,0.0,0.0,97.0,,0.21301307,0.931587,13.624228,133.45189,133.39404,24.119999,17.8635,0.119
2025-09-21 22:00:00+00:00,CTGB Maloney and Webster,TotalEnergies,2.0,Tolland,CT,ISNE,41.8722,-72.3695,22.08333412806193,5.7,5.3,16.063501,64.47794,7.8149853,0.0,1024.2,187.0,10.1,2.0,94.0,0.0,0.1,0.15,,,,,,,,9.3635,14.761251,0.0,0.0,3.0,999.2822,100.0,0.0,0.0,100.0,,0.10079416,0.6491157,14.879153,141.54626,145.34862,20.519999,17.1135,0.119
2025-09-21 23:00:00+00:00,CTGB Maloney and Webster,TotalEnergies,2.0,Tolland,CT,ISNE,41.8722,-72.3695,31.250000000000004,8.0,7.5,14.013499,69.70045,10.316686,0.0,1024.0,202.0,17.5,2.2,79.0,0.0,0.0,0.0,,,,,,,,8.563499,12.13208,0.0,0.0,3.0,998.9119,100.0,0.0,0.0,100.0,,0.043118987,0.48536348,20.340796,137.12111,143.63704,17.64,15.813499,0.119
2025-09-22 00:00:00+00:00,CTGB Maloney and Webster,TotalEnergies,2.0,Tolland,CT,ISNE,41.8722,-72.3695,42.49999920527141,11.2,10.2,12.8635,69.70929,10.075177,0.0,1024.3,213.0,32.0,2.5,52.0,0.0,0.0,0.0,,,,,,,,7.4635,10.738437,0.0,0.0,3.0,999.1053,100.0,0.0,0.0,100.0,,0.023820769,0.4502548,20.834173,131.37842,140.25786,18.359999,14.6635,0.119
2025-09-22 01:00:00+00:00,CTGB Maloney and Webster,TotalEnergies,2.0,Tolland,CT,ISNE,41.8722,-72.3695,43.333331743876144,11.9,10.4,12.1635,70.77275,8.967541,0.0,1024.2,215.0,31.8,2.6,48.0,0.0,0.0,0.0,,,,,,,,7.0135,10.091099,0.0,0.0,3.0,998.9467,95.0,0.0,0.0,95.0,,0.018215917,0.41496933,17.604149,128.48022,142.89568,15.84,13.6635,0.128
2025-09-22 02:00:00+00:00,CTGB Maloney and Webster,TotalEnergies,2.0,Tolland,CT,ISNE,41.8722,-72.3695,44.16666825612386,12.3,10.6,11.063499,76.3677,9.504272,0.0,1024.2,211.0,31.6,2.6,42.0,0.0,0.0,0.0,,,,,,,,7.0635,8.924827,0.0,0.0,0.0,998.8504,0.0,0.0,0.0,0.0,,0.012261457,0.31203008,19.087639,127.30403,141.50893,16.199999,12.7135,0.128
2025-09-22 03:00:00+00:00,CTGB Maloney and Webster,TotalEnergies,2.0,Tolland,CT,ISNE,41.8722,-72.3695,47.91666666666667,13.1,11.5,10.3635,81.38821,8.891343,0.0,1023.9,206.0,31.9,2.7,37.0,0.0,0.0,0.0,,,,,,,,7.3135,8.374548,0.0,0.0,0.0,998.4964,0.0,0.0,0.0,0.0,,0.0047093905,0.23456502,18.47698,121.75944,137.76392,16.199999,11.9635,0.128
2025-09-22 04:00:00+00:00,CTGB Maloney and Webster,TotalEnergies,2.0,Tolland,CT,ISNE,41.8722,-72.3695,50.854700039594604,14.1,12.4,10.013499,84.45919,8.149847,0.0,1023.5,200.0,33.4,2.7,32.0,0.0,0.0,0.0,,,,,,,,7.5135,8.1816,0.0,0.0,0.0,998.0752,0.0,0.0,0.0,0.0,,0.0,0.1913364,17.205778,120.529625,137.9683,15.119999,11.313499,0.128
2025-09-22 05:00:00+00:00,CTGB Maloney and Webster,TotalEnergies,2.0,Tolland,CT,ISNE,41.8722,-72.3695,51.28205209715753,14.3,12.6,9.1635,88.80946,4.846648,0.0,1023.5,192.0,35.5,2.7,28.0,0.0,0.0,0.0,,,,,,,,7.4135003,7.788748,0.0,0.0,0.0,997.9998,0.0,0.0,0.0,0.0,,0.0,0.13014007,13.151091,121.328636,149.5743,13.32,10.6635,0.128
2025-09-22 06:00:00+00:00,CTGB Maloney and Webster,TotalEnergies,2.0,Tolland,CT,ISNE,41.8722,-72.3695,51.92307610797067,14.6,12.9,8.9635,89.40184,2.5455842,0.0,1023.3,184.0,36.7,2.6,24.0,0.0,0.0,0.0,,,,,,,,7.3135,7.8999205,0.0,0.0,0.0,997.7871,8.0,0.0,0.0,8.0,,0.0,0.12160182,9.430695,98.13002,156.3706,7.5599995,10.063499,0.128
2025-09-22 07:00:00+00:00,CTGB Maloney and Webster,TotalEnergies,2.0,Tolland,CT,ISNE,41.8722,-72.3695,52.136752136752136,14.7,13.0,8.7135,91.547005,2.9301877,0.0,1022.7,172.0,36.3,2.5,22.0,0.0,0.0,0.0,,,,,,,,7.4135003,7.618202,0.0,0.0,0.0,997.1799,13.0,0.0,0.0,13.0,,0.0,0.095365524,7.9036193,79.380394,149.9315,4.68,9.563499,0.128
2025-09-22 08:00:00+00:00,CTGB Maloney and Webster,TotalEnergies,2.0,Tolland,CT,ISNE,41.8722,-72.3695,51.49572608817337,14.3,12.7,9.4135,92.52909,5.8298883,0.0,1022.0,160.0,34.9,2.4,20.0,0.0,0.0,0.0,,,,,,,,8.263499,8.108704,0.0,0.0,2.0,996.5594,54.0,0.0,0.0,54.0,,0.0,0.08835375,9.418662,81.11942,135.0001,10.08,9.4135,0.128
2025-09-22 09:00:00+00:00,CTGB Maloney and Webster,TotalEnergies,2.0,Tolland,CT,ISNE,41.8722,-72.3695,51.92307610797067,14.7,12.9,8.813499,95.37018,3.96,0.0,1022.0,156.0,33.2,2.2,19.0,0.0,0.0,0.0,,,,,,,,8.1135,7.742915,0.0,0.0,3.0,996.5061,100.0,0.0,0.0,100.0,,0.0,0.05258608,6.8989563,90.0,164.87595,10.799999,9.313499,0.128
2025-09-22 10:00:00+00:00,CTGB Maloney and Webster,TotalEnergies,2.0,Tolland,CT,ISNE,41.8722,-72.3695,55.55555637066181,16.8,14.6,8.9135,96.022865,7.2022495,0.0,1021.9,170.0,31.9,1.8,16.0,0.0,0.0,0.0,,,,,,,,8.313499,7.4214277,0.0,0.0,3.0,996.4173,100.0,0.0,0.0,100.0,,0.0,0.045478344,7.7734165,88.56794,132.18437,12.24,9.4635,0.128
2025-09-22 11:00:00+00:00,CTGB Maloney and Webster,TotalEnergies,2.0,Tolland,CT,ISNE,41.8722,-72.3695,59.829060644166084,19.3,16.6,8.9635,97.333824,7.3821945,0.0,1022.0,193.0,30.3,1.2,14.0,0.0,0.05,0.1,,,,,,,,8.563499,7.5102253,0.0,0.0,1.0,996.51953,47.0,0.0,0.0,47.0,,0.008641686,0.030590415,8.936778,88.60285,124.33028,12.599999,9.6635,0.128
2025-09-22 12:00:00+00:00,CTGB Maloney and Webster,TotalEnergies,2.0,Tolland,CT,ISNE,41.8722,-72.3695,62.39316076294989,19.3,17.8,10.813499,94.80521,4.9785542,0.0,1021.9,206.0,33.0,2.7,27.0,0.0,0.55,0.55,,,,,,,,10.013499,10.107718,0.0,0.0,3.0,996.5855,100.0,4.0,0.0,100.0,,0.03074093,0.06745505,7.674842,102.5288,140.7106,12.599999,10.4635,0.128
2025-09-22 13:00:00+00:00,CTGB Maloney and Webster,TotalEnergies,2.0,Tolland,CT,ISNE,41.8722,-72.3695,50.4273500197973,14.1,12.2,13.3635,84.27012,4.2021427,0.0,1022.2,196.0,24.6,2.7,43.0,0.0,1.65,1.65,,,,,,,,10.763499,12.98979,0.0,0.0,0.0,997.1,0.0,0.0,0.0,0.0,,0.11820003,0.24153924,8.404285,136.73567,136.73567,12.599999,10.8635,0.132
2025-09-22 14:00:00+00:00,CTGB Maloney and Webster,TotalEnergies,2.0,Tolland,CT,ISNE,41.8722,-72.3695,35.41666666666667,10.9,8.5,15.6635,76.84837,6.206738,0.0,1022.0,176.0,13.1,2.8,66.0,0.0,3.15,3.15,,,,,,,,11.6135,15.257139,0.0,0.0,0.0,997.1019,0.0,0.0,0.0,0.0,,0.23557734,0.41235542,8.709098,163.14153,161.93944,18.359999,12.9635,0.132
2025-09-22 15:00:00+00:00,CTGB Maloney and Webster,TotalEnergies,2.0,Tolland,CT,ISNE,41.8722,-72.3695,33.7500015894572,10.9,8.1,17.3635,70.122,6.924738,0.0,1021.4,161.0,4.5,2.7,85.0,0.0,4.65,4.7,,,,,,,,11.8635,17.267372,0.0,0.0,0.0,996.65985,3.0,3.0,0.0,0.0,,0.32864276,0.59282994,9.47012,171.02745,171.25392,20.880001,14.813499,0.13
2025-09-22 16:00:00+00:00,CTGB Maloney and Webster,TotalEnergies,2.0,Tolland,CT,ISNE,41.8722,-72.3695,35.83333492279053,11.6,8.6,18.6635,65.90917,7.562142,0.0,1020.8,158.0,1.7,2.5,97.0,0.0,5.6,5.6,,,,,,,,12.1635,18.959444,0.0,0.0,0.0,996.18317,4.0,4.0,0.0,0.0,,0.3818687,0.73392785,10.266314,181.36389,182.0095,21.96,16.3635,0.129
2025-09-22 17:00:00+00:00,CTGB Maloney and Webster,TotalEnergies,2.0,Tolland,CT,ISNE,41.8722,-72.3695,37.5,12.0,9.0,19.813501,61.962296,8.909545,0.0,1020.2,161.0,1.7,2.2,107.0,0.0,5.45,5.65,,,,,,,,12.313499,20.203821,0.0,0.0,0.0,995.6929,10.0,2.0,0.0,9.0,,0.4194521,0.8795997,12.015589,188.13002,188.61557,24.48,17.6635,0.127
2025-09-22 18:00:00+00:00,CTGB Maloney and Webster,TotalEnergies,2.0,Tolland,CT,ISNE,41.8722,-72.3695,33.7500015894572,10.1,8.1,21.713501,56.58881,9.741642,0.0,1019.0,164.0,2.2,1.9,113.0,0.0,4.4,4.7,,,,,,,,12.7135,22.111322,0.0,0.0,3.0,994.677,100.0,100.0,0.0,27.0,,0.44452897,1.128181,13.451914,207.51192,204.50739,25.56,18.713501,0.125
2025-09-22 19:00:00+00:00,CTGB Maloney and Webster,TotalEnergies,2.0,Tolland,CT,ISNE,41.8722,-72.3695,33.333333333333336,8.9,8.0,23.7635,49.000256,10.1887,0.0,1017.8,165.0,2.0,1.7,117.0,0.0,2.55,3.25,,,,,,,,12.4135,23.17392,0.0,0.0,3.0,993.67096,98.0,98.0,0.0,0.0,,0.39800543,1.5005544,14.277983,212.00534,213.6901,25.199999,19.5135,0.123
2025-09-22 20:00:00+00:00,CTGB Maloney and Webster,TotalEnergies,2.0,Tolland,CT,ISNE,41.8722,-72.3695,37.5,9.9,9.0,21.963501,57.022,14.248452,0.0,1017.3,167.0,2.2,1.6,119.0,0.0,1.35,1.75,,,,,,,,13.063499,20.856115,0.0,0.0,1.0,993.0379,39.0,39.0,0.0,0.0,,0.279765,1.1340517,20.04476,206.24129,206.1048,31.319998,19.7635,0.121
2025-09-22 21:00:00+00:00,CTGB Maloney and Webster,TotalEnergies,2.0,Tolland,CT,ISNE,41.8722,-72.3695,39.583333333333336,10.3,9.5,20.063501,66.205154,13.543131,0.0,1017.3,170.0,3.4,1.5,116.0,0.0,0.6,0.65,,,,,,,,13.563499,19.232994,0.0,0.0,1.0,992.8829,32.0,21.0,0.0,15.0,,0.20232707,0.7936077,19.902824,203.49858,204.0151,34.56,19.4135,0.12
2025-09-22 22:00:00+00:00,CTGB Maloney and Webster,TotalEnergies,2.0,Tolland,CT,ISNE,41.8722,-72.3695,39.16666507720947,10.1,9.4,18.7635,69.47808,10.597094,0.0,1017.3,177.0,6.7,1.6,106.0,0.0,0.1,0.1,,,,,,,,13.063499,18.190256,0.0,0.0,3.0,992.77563,100.0,0.0,0.0,100.0,,0.11023947,0.66117704,18.86139,200.89784,203.6294,29.16,18.713501,0.12
2025-09-22 23:00:00+00:00,CTGB Maloney and Webster,TotalEnergies,2.0,Tolland,CT,ISNE,41.8722,-72.3695,37.083331743876144,9.5,8.9,16.813501,77.02872,9.801326,0.0,1017.1,186.0,11.1,1.7,93.0,0.0,0.0,0.0,,,,,,,,12.763499,16.25562,0.0,0.0,0.0,992.418,1.0,0.0,0.0,1.0,,0.036334176,0.44018912,19.787722,187.38596,201.89825,20.880001,17.563501,0.12
2025-09-23 00:00:00+00:00,CTGB Maloney and Webster,TotalEnergies,2.0,Tolland,CT,ISNE,41.8722,-72.3695,40.41666587193807,11.7,9.7,15.6135,86.47393,11.016824,0.0,1017.4,192.0,17.2,2.0,75.0,0.0,0.0,0.0,,,,,,,,13.3635,15.08341,0.0,0.0,0.0,992.6097,6.0,0.0,0.0,6.0,,0.004493408,0.24012232,21.9253,175.3142,186.59982,20.880001,16.6135,0.12
2025-09-23 01:00:00+00:00,CTGB Maloney and Webster,TotalEnergies,2.0,Tolland,CT,ISNE,41.8722,-72.3695,36.666667461395264,10.9,8.8,15.063499,91.64361,10.266314,0.0,1017.1,191.0,16.6,2.2,72.0,0.0,0.0,0.0,,,,,,,,13.7135,14.765709,0.0,0.0,1.0,992.27026,33.0,0.0,0.0,33.0,,0.0,0.14320576,21.17354,182.0095,194.27255,20.880001,16.1135,0.122
2025-09-23 02:00:00+00:00,CTGB Maloney and Webster,TotalEnergies,2.0,Tolland,CT,ISNE,41.8722,-72.3695,33.333333333333336,9.9,8.0,14.763499,93.73469,10.8955765,0.0,1016.8,186.0,15.8,2.4,67.0,0.0,0.0,0.0,,,,,,,,13.763499,14.391748,0.0,0.0,0.0,991.9524,12.0,0.0,0.0,12.0,,0.0,0.10531843,22.695707,187.59456,201.88585,19.8,15.563499,0.122
2025-09-23 03:00:00+00:00,CTGB Maloney and Webster,TotalEnergies,2.0,Tolland,CT,ISNE,41.8722,-72.3695,32.5000007947286,9.5,7.8,14.763499,94.34527,11.500296,0.0,1016.7,182.0,15.5,2.8,62.0,0.0,0.0,0.0,,,,,,,,13.8635,14.339174,0.0,0.0,0.0,991.85486,0.0,0.0,0.0,0.0,,0.0,0.09505391,23.993399,197.30061,207.71841,20.880001,15.263499,0.122
2025-09-23 04:00:00+00:00,CTGB Maloney and Webster,TotalEnergies,2.0,Tolland,CT,ISNE,41.8722,-72.3695,32.5000007947286,9.5,7.8,14.6635,94.64781,11.521406,0.0,1017.0,182.0,16.0,3.4,58.0,0.0,0.0,0.0,,,,,,,,13.813499,14.2182865,0.0,0.0,0.0,992.13873,0.0,0.0,0.0,0.0,,0.0,0.08939052,23.979893,208.96756,215.83774,22.68,15.063499,0.122
2025-09-23 05:00:00+00:00,CTGB Maloney and Webster,TotalEnergies,2.0,Tolland,CT,ISNE,41.8722,-72.3695,32.91666706403097,9.6,7.9,14.563499,94.95171,9.867218,0.0,1017.0,183.0,17.0,4.1,54.0,0.0,0.0,0.0,,,,,,,,13.763499,14.341766,0.0,0.0,0.0,992.1303,0.0,0.0,0.0,0.0,,0.0,0.08377409,21.382906,218.33337,224.9999,20.880001,14.813499,0.122
2025-09-23 06:00:00+00:00,CTGB Maloney and Webster,TotalEnergies,2.0,Tolland,CT,ISNE,41.8722,-72.3695,33.7500015894572,9.9,8.1,14.4635,95.56685,9.807935,0.0,1017.1,182.0,17.7,4.7,51.0,0.0,0.0,0.0,,,,,,,,13.763499,14.250435,0.0,0.0,1.0,992.2194,46.0,0.0,0.0,46.0,,0.0,0.07309294,21.06615,222.7688,229.50499,18.72,14.6635,0.122
2025-09-23 07:00:00+00:00,CTGB Maloney and Webster,TotalEnergies,2.0,Tolland,CT,ISNE,41.8722,-72.3695,35.41666666666667,10.4,8.5,14.3635,96.4993,9.840914,0.0,1016.7,177.0,17.7,5.1,49.0,0.0,0.0,0.0,,,,,,,,13.813499,14.163431,0.0,0.0,0.0,991.8208,0.0,0.0,0.0,0.0,,0.0,0.05734718,21.03229,219.80553,228.12221,17.64,14.563499,0.122
2025-09-23 08:00:00+00:00,CTGB Maloney and Webster,TotalEnergies,2.0,Tolland,CT,ISNE,41.8722,-72.3695,37.083331743876144,11.0,8.9,14.4635,97.12984,9.290511,0.0,1016.6,170.0,17.3,5.3,48.0,0.0,0.0,0.0,,,,,,,,14.013499,14.41531,0.0,0.0,0.0,991.7316,7.0,1.0,0.0,6.0,,0.0,0.047321796,20.495512,215.53777,226.06741,18.359999,14.513499,0.122
2025-09-23 09:00:00+00:00,CTGB Maloney and Webster,TotalEnergies,2.0,Tolland,CT,ISNE,41.8722,-72.3695,37.91666825612386,11.2,9.1,14.513499,97.76218,8.643749,0.0,1016.2,169.0,17.1,5.5,47.0,0.0,0.0,0.0,,,,,,,,14.1635,14.61388,0.0,0.0,0.0,991.3455,15.0,0.0,0.0,15.0,,0.0,0.037014723,19.494091,211.37296,222.3804,16.56,14.4635,0.123
2025-09-23 10:00:00+00:00,CTGB Maloney and Webster,TotalEnergies,2.0,Tolland,CT,ISNE,41.8722,-72.3695,37.083331743876144,11.0,8.9,14.6635,97.76474,9.396275,0.0,1016.1,179.0,17.6,5.6,46.0,0.0,0.0,0.0,,,,,,,,14.313499,14.708832,0.0,0.0,0.0,991.2607,19.0,0.0,1.0,18.0,,0.0,0.037331223,20.364674,216.43095,224.9999,16.199999,14.4635,0.123
2025-09-23 11:00:00+00:00,CTGB Maloney and Webster,TotalEnergies,2.0,Tolland,CT,ISNE,41.8722,-72.3695,37.083331743876144,11.0,8.9,14.8635,98.40132,9.686609,0.0,1016.5,195.0,18.2,5.6,45.0,0.0,0.05,0.05,,,,,,,,14.6135,14.977314,0.0,0.0,0.0,991.66815,5.0,2.0,0.0,2.0,,0.010117739,0.02704525,21.142147,221.98714,227.07004,17.64,14.563499,0.123
2025-09-23 12:00:00+00:00,CTGB Maloney and Webster,TotalEnergies,2.0,Tolland,CT,ISNE,41.8722,-72.3695,37.083331743876144,9.5,8.9,16.3635,94.41295,8.320986,0.0,1016.9,207.0,19.6,6.6,38.0,0.0,0.5,0.55,,,,,,,,15.4635,17.000547,0.0,0.0,0.0,992.1852,2.0,1.0,0.0,1.0,,0.037800632,0.10403037,20.304129,231.14662,232.92683,19.08,15.1135,0.123
2025-09-23 13:00:00+00:00,CTGB Maloney and Webster,TotalEnergies,2.0,Tolland,CT,ISNE,41.8722,-72.3695,32.91666706403097,8.4,7.9,18.213501,86.72424,9.801326,0.0,1016.6,209.0,16.7,6.8,49.0,0.0,1.45,1.55,,,,,,,,15.9635,18.832153,0.0,0.0,0.0,992.04694,17.0,8.0,14.0,0.0,,0.13386166,0.27780807,15.530151,224.25603,225.9391,23.039999,15.913499,0.124
2025-09-23 14:00:00+00:00,CTGB Maloney and Webster,TotalEnergies,2.0,Tolland,CT,ISNE,41.8722,-72.3695,32.5000007947286,8.4,7.8,19.813501,81.54487,11.236671,0.0,1016.5,207.0,12.8,7.0,65.0,0.0,2.9,2.95,,,,,,,,16.563501,20.467325,0.0,0.0,1.0,992.0817,36.0,18.0,25.0,1.0,,0.22577825,0.42664897,16.45204,215.21768,216.99536,27.359999,17.213501,0.123
2025-09-23 15:00:00+00:00,CTGB Maloney and Webster,TotalEnergies,2.0,Tolland,CT,ISNE,41.8722,-72.3695,32.083332538604736,8.1,7.7,22.313501,71.96434,17.326813,0.0,1016.0,205.0,9.5,6.9,80.0,0.0,4.25,4.35,,,,,,,,17.0135,22.266912,0.0,0.0,2.0,991.7973,64.0,64.0,2.0,1.0,,0.30885693,0.75548875,24.693481,227.52615,225.59058,37.44,18.5135,0.122
2025-09-23 16:00:00+00:00,CTGB Maloney and Webster,TotalEnergies,2.0,Tolland,CT,ISNE,41.8722,-72.3695,34.99999841054281,8.7,8.4,22.6635,73.17275,16.341381,0.1,1015.6,205.0,7.6,6.2,94.0,0.0,4.05,5.15,,,,,,,,17.6135,23.02042,0.1,0.0,51.0,991.4349,100.0,100.0,2.0,0.0,,0.30353588,0.7384019,23.623928,229.46724,229.63554,38.519997,19.563501,0.121
2025-09-23 17:00:00+00:00,CTGB Maloney and Webster,TotalEnergies,2.0,Tolland,CT,ISNE,41.8722,-72.3695,37.91666825612386,9.4,9.1,22.813501,73.19879,15.934829,0.0,1015.1,205.0,6.4,5.3,108.0,0.0,2.25,5.0,,,,,,,,17.7635,23.295967,0.0,0.0,3.0,990.959,98.0,98.0,1.0,0.0,,0.23288655,0.744406,23.708124,221.7947,221.92245,35.64,20.063501,0.121
2025-09-23 18:00:00+00:00,CTGB Maloney and Webster,TotalEnergies,2.0,Tolland,CT,ISNE,41.8722,-72.3695,42.49999920527141,10.4,10.2,23.463501,70.59991,15.914484,0.0,1014.5,206.0,5.9,4.6,118.0,0.0,1.3,4.05,,,,,,,,17.813501,23.97062,0.0,0.0,3.0,990.42523,85.0,82.0,19.0,0.0,,0.2502666,0.8492594,23.679407,223.62523,223.7681,35.28,20.563501,0.12
2025-09-23 19:00:00+00:00,CTGB Maloney and Webster,TotalEnergies,2.0,Tolland,CT,ISNE,41.8722,-72.3695,45.833333333333336,11.2,11.0,24.1135,67.46601,16.489416,0.0,1014.1,210.0,5.9,4.4,125.0,0.0,0.9,2.75,,,,,,,,17.713501,24.49175,0.0,0.0,3.0,990.0868,100.0,26.0,100.0,0.0,,0.26009578,0.9772055,24.58895,233.88057,233.63333,37.44,21.0135,0.119
2025-09-23 20:00:00+00:00,CTGB Maloney and Webster,TotalEnergies,2.0,Tolland,CT,ISNE,41.8722,-72.3695,49.166667461395264,12.0,11.8,24.4135,65.22699,15.133923,0.0,1013.9,215.0,6.6,4.5,128.0,0.0,0.55,1.45,,,,,,,,17.463501,24.879147,0.0,0.0,1.0,989.9152,36.0,19.0,19.0,5.0,,0.24102646,1.063399,22.862123,243.13026,243.8385,36.719997,21.3635,0.117
2025-09-23 21:00:00+00:00,CTGB Maloney and Webster,TotalEnergies,2.0,Tolland,CT,ISNE,41.8722,-72.3695,51.49572608817337,13.0,12.7,24.1135,67.25378,12.24,0.0,1013.6,221.0,8.4,4.6,127.0,0.0,0.5,0.55,,,,,,,,17.6635,25.089334,0.0,0.0,3.0,989.59863,100.0,16.0,4.0,100.0,,0.20223701,0.9835839,20.128637,241.92761,244.58075,35.64,21.5135,0.117
2025-09-23 22:00:00+00:00,CTGB Maloney and Webster,TotalEnergies,2.0,Tolland,CT,ISNE,41.8722,-72.3695,51.49572608817337,13.1,12.7,22.963501,72.30863,9.278297,0.0,1013.8,224.0,12.3,4.6,118.0,0.0,0.1,0.1,,,,,,,,17.713501,24.394394,0.0,0.0,3.0,989.70197,100.0,10.0,14.0,100.0,,0.100826904,0.77614164,18.430452,251.91646,257.5926,24.84,21.1635,0.116
2025-09-23 23:00:00+00:00,CTGB Maloney and Webster,TotalEnergies,2.0,Tolland,CT,ISNE,41.8722,-72.3695,51.28205209715753,13.0,12.6,21.2635,80.45279,5.22,0.0,1014.2,228.0,17.4,4.7,105.0,0.0,0.0,0.0,,,,,,,,17.7635,23.309786,0.0,0.0,3.0,989.9551,100.0,25.0,48.0,100.0,,0.026532546,0.49404836,13.584932,223.60289,237.99466,17.28,20.2635,0.116
2025-09-24 00:00:00+00:00,CTGB Maloney and Webster,TotalEnergies,2.0,Tolland,CT,ISNE,41.8722,-72.3695,67.09401709401709,20.6,20.0,20.6635,84.79829,7.731623,0.0,1015.1,239.0,37.5,3.6,60.0,0.0,0.0,0.0,,,,,,,,18.0135,22.455841,0.0,0.0,3.0,990.785,100.0,14.0,93.0,100.0,,0.0029694946,0.37032056,16.825909,204.77512,214.54016,12.959999,19.463501,0.116
2025-09-24 01:00:00+00:00,CTGB Maloney and Webster,TotalEnergies,2.0,Tolland,CT,ISNE,41.8722,-72.3695,73.07692144671057,23.3,22.8,20.063501,86.35274,0.40249225,0.0,1015.6,269.0,43.9,3.8,51.0,0.0,0.0,0.0,,,,,,,,17.713501,22.791004,0.0,0.0,3.0,991.22363,100.0,5.0,32.0,100.0,,0.0,0.32038856,5.2939587,116.56499,287.81897,10.08,19.063501,0.12
2025-09-24 02:00:00+00:00,CTGB Maloney and Webster,TotalEnergies,2.0,Tolland,CT,ISNE,41.8722,-72.3695,77.99145380655925,25.6,25.1,19.1135,90.452965,0.742159,0.1,1015.9,306.0,52.8,4.1,38.0,0.0,0.0,0.0,,,,,,,,17.5135,21.703905,0.1,0.0,51.0,991.43854,100.0,4.0,14.0,100.0,,0.0,0.2113092,3.710795,104.03627,230.90614,2.16,18.463501,0.12
2025-09-24 03:00:00+00:00,CTGB Maloney and Webster,TotalEnergies,2.0,Tolland,CT,ISNE,41.8722,-72.3695,83.76068213047125,28.2,27.8,18.1635,94.18941,2.5455842,0.0,1016.1,325.0,59.2,4.2,28.0,0.0,0.0,0.0,,,,,,,,17.213501,20.361,0.0,0.0,3.0,991.555,97.0,6.0,14.0,96.0,,0.0,0.12120044,3.9966488,98.13002,172.23492,3.6,17.9135,0.121
2025-09-24 04:00:00+00:00,CTGB Maloney and Webster,TotalEnergies,2.0,Tolland,CT,ISNE,41.8722,-72.3695,89.1025624723516,30.6,30.3,16.813501,97.18084,3.550155,1.4,1017.0,310.0,62.1,4.1,21.0,0.0,0.0,0.0,,,,,,,,16.3635,18.507118,1.4,0.0,61.0,992.3205,100.0,100.0,64.0,99.0,,0.0,0.054010034,10.009036,239.53453,232.3057,11.879999,17.3635,0.135
2025-09-24 05:00:00+00:00,CTGB Maloney and Webster,TotalEnergies,2.0,Tolland,CT,ISNE,41.8722,-72.3695,90.59829059829059,31.2,31.0,17.6135,98.74598,2.6208394,1.8,1016.3,276.0,62.6,3.9,16.0,0.0,0.0,0.0,,,,,,,,17.4135,19.887043,1.8,0.0,61.0,991.7042,96.0,1.0,95.0,87.0,,0.0,0.025268435,4.1556225,105.945465,184.96965,12.24,17.463501,0.159
2025-09-24 06:00:00+00:00,CTGB Maloney and Webster,TotalEnergies,2.0,Tolland,CT,ISNE,41.8722,-72.3695,89.1025624723516,30.5,30.3,16.8635,99.05277,4.7521367,0.1,1016.6,245.0,59.0,3.7,17.0,0.0,0.0,0.0,,,,,,,,16.713501,18.527187,0.1,0.0,51.0,991.9343,74.0,11.0,66.0,14.0,,0.0,0.01820457,5.5887027,65.37646,75.068535,8.64,17.1135,0.16
2025-09-24 07:00:00+00:00,CTGB Maloney and Webster,TotalEnergies,2.0,Tolland,CT,ISNE,41.8722,-72.3695,87.17948636438092,29.6,29.4,16.713501,99.683,7.42159,0.0,1015.9,223.0,48.2,3.5,28.0,0.0,0.0,0.0,,,,,,,,16.6635,17.967012,0.0,0.0,3.0,991.2388,100.0,16.0,32.0,100.0,,0.0,0.0060346127,10.32924,67.16631,67.4569,13.32,17.0135,0.161
2025-09-24 08:00:00+00:00,CTGB Maloney and Webster,TotalEnergies,2.0,Tolland,CT,ISNE,41.8722,-72.3695,80.98290598290598,26.7,26.5,16.563501,99.68264,6.87779,0.0,1015.8,204.0,33.3,3.2,44.0,0.0,0.0,0.0,,,,,,,,16.5135,17.833899,0.0,0.0,3.0,991.1287,100.0,100.0,12.0,100.0,,0.0,0.005984068,13.722565,96.00892,85.4861,14.4,16.9135,0.162
2025-09-24 09:00:00+00:00,CTGB Maloney and Webster,TotalEnergies,2.0,Tolland,CT,ISNE,41.8722,-72.3695,66.02564102564102,19.6,19.5,16.5135,99.682526,6.725354,0.0,1016.2,193.0,22.6,3.0,55.0,0.0,0.0,0.0,,,,,,,,16.463501,17.785439,0.0,0.0,3.0,991.51465,100.0,100.0,30.0,100.0,,0.0,0.0059678555,14.637663,105.52418,106.42938,12.599999,16.8635,0.162
2025-09-24 10:00:00+00:00,CTGB Maloney and Webster,TotalEnergies,2.0,Tolland,CT,ISNE,41.8722,-72.3695,57.69230850741395,15.7,15.6,16.6635,99.99999,7.6367526,0.2,1016.7,196.0,20.6,3.0,55.0,0.0,0.0,0.0,,,,,,,,16.6635,17.885654,0.2,0.0,51.0,992.0153,100.0,100.0,86.0,96.0,,0.0,0.0,19.110542,81.86999,93.23964,16.199999,16.8635,0.164
2025-09-24 11:00:00+00:00,CTGB Maloney and Webster,TotalEnergies,2.0,Tolland,CT,ISNE,41.8722,-72.3695,61.75213675213675,17.6,17.5,16.8635,99.68338,7.9932976,1.5,1017.3,207.0,22.7,3.0,50.0,0.0,0.05,0.05,,,,,,,,16.813501,18.096579,1.5,0.0,61.0,992.6174,100.0,100.0,76.0,100.0,,0.01274233,0.0060851574,17.34083,97.76508,99.56003,15.4800005,16.9135,0.186
2025-09-24 12:00:00+00:00,CTGB Maloney and Webster,TotalEnergies,2.0,Tolland,CT,ISNE,41.8722,-72.3695,65.3846170148279,19.5,19.2,17.213501,99.36934,10.440001,1.0,1017.7,218.0,21.7,3.1,43.0,0.0,0.15,0.4,,,,,,,,17.1135,18.217203,1.0,0.0,55.0,993.037,100.0,40.0,90.0,100.0,,0.020195972,0.012391806,19.474136,90.0,98.50449,19.8,17.063501,0.2
2025-09-24 13:00:00+00:00,CTGB Maloney and Webster,TotalEnergies,2.0,Tolland,CT,ISNE,41.8722,-72.3695,63.888888888888886,18.7,18.5,18.5135,98.44531,11.052058,0.8,1018.0,228.0,19.2,3.0,51.0,0.0,0.15,1.2,,,,,,,,18.2635,19.936495,0.8,0.0,53.0,993.43823,100.0,66.0,58.0,100.0,,0.052496504,0.033144712,18.686218,120.32352,125.98689,21.24,18.1135,0.172
2025-09-24 14:00:00+00:00,CTGB Maloney and Webster,TotalEnergies,2.0,Tolland,CT,ISNE,41.8722,-72.3695,51.28205209715753,12.7,12.6,19.6135,90.7724,11.51578,0.4,1018.4,238.0,15.7,2.8,63.0,0.0,0.25,2.6,,,,,,,,18.063501,20.877281,0.4,0.0,51.0,993.9196,100.0,82.0,36.0,100.0,,0.11876809,0.21067429,17.311846,114.96276,115.232796,26.64,18.5135,0.176
2025-09-24 15:00:00+00:00,CTGB Maloney and Webster,TotalEnergies,2.0,Tolland,CT,ISNE,41.8722,-72.3695,20.416667064030968,4.9,4.9,20.3635,87.19954,11.298495,0.1,1018.5,243.0,12.7,2.6,74.0,0.0,0.7,4.15,,,,,,,,18.1635,21.703772,0.1,0.0,51.0,994.0788,100.0,100.0,48.0,100.0,,0.14957042,0.30611396,16.299694,120.65059,120.529625,26.64,18.963501,0.177
2025-09-24 16:00:00+00:00,CTGB Maloney and Webster,TotalEnergies,2.0,Tolland,CT,ISNE,41.8722,-72.3695,10.416666666666668,2.5,2.5,20.9135,85.35852,10.4166975,0.1,1018.4,240.0,10.6,2.2,84.0,0.0,1.35,5.05,,,,,,,,18.3635,22.473347,0.1,0.0,51.0,994.02625,100.0,92.0,1.0,100.0,,0.1867406,0.3621843,14.743526,108.121956,107.77141,25.199999,19.463501,0.177
2025-09-24 17:00:00+00:00,CTGB Maloney and Webster,TotalEnergies,2.0,Tolland,CT,ISNE,41.8722,-72.3695,7.916666567325593,1.9,1.9,21.313501,84.074394,10.215693,0.1,1018.3,233.0,9.0,1.8,94.0,0.0,1.5,5.05,,,,,,,,18.5135,22.97155,0.1,0.0,51.0,993.9612,100.0,81.0,1.0,100.0,,0.1924924,0.403723,14.494192,104.28113,104.38144,24.119999,19.9135,0.177
2025-09-24 18:00:00+00:00,CTGB Maloney and Webster,TotalEnergies,2.0,Tolland,CT,ISNE,41.8722,-72.3695,10.0000003973643,2.5,2.4,21.4135,82.004036,11.570515,0.0,1017.7,227.0,8.2,1.4,100.0,0.0,1.05,4.2,,,,,,,,18.213501,22.736065,0.0,0.0,3.0,993.38367,100.0,100.0,2.0,99.0,,0.17828579,0.459018,16.120806,95.355736,96.41075,26.28,20.1635,0.176
2025-09-24 19:00:00+00:00,CTGB Maloney and Webster,TotalEnergies,2.0,Tolland,CT,ISNE,41.8722,-72.3695,11.666666467984518,2.9,2.8,20.9135,84.82489,14.113653,0.6,1017.6,223.0,8.4,1.2,101.0,0.0,0.7,2.9,,,,,,,,18.2635,21.88839,0.6,0.0,53.0,993.2453,100.0,56.0,86.0,100.0,,0.16357763,0.3753879,20.199335,95.85592,93.57626,30.239998,20.213501,0.181
2025-09-24 20:00:00+00:00,CTGB Maloney and Webster,TotalEnergies,2.0,Tolland,CT,ISNE,41.8722,-72.3695,10.416666666666668,2.5,2.5,20.2635,88.29216,13.861168,0.2,1017.6,219.0,9.3,1.2,99.0,0.0,0.3,1.55,,,,,,,,18.2635,21.275688,0.2,0.0,51.0,993.19226,100.0,53.0,98.0,100.0,,0.10207055,0.27826095,21.24305,90.74404,89.029,30.960001,19.9135,0.182
2025-09-24 21:00:00+00:00,CTGB Maloney and Webster,TotalEnergies,2.0,Tolland,CT,ISNE,41.8722,-72.3695,9.583333134651184,2.3,2.3,19.8635,89.37553,13.690654,0.1,1017.5,218.0,10.3,1.2,96.0,0.0,0.15,0.55,,,,,,,,18.063501,20.809946,0.1,0.0,51.0,993.06177,100.0,45.0,75.0,100.0,,0.08305681,0.24635172,21.27734,87.73955,86.60515,29.16,19.6635,0.183
2025-09-24 22:00:00+00:00,CTGB Maloney and Webster,TotalEnergies,2.0,Tolland,CT,ISNE,41.8722,-72.3695,11.25000019868215,2.7,2.7,19.1635,91.603874,14.404499,0.1,1017.4,222.0,11.6,1.4,93.0,0.0,0.05,0.1,,,,,,,,17.7635,19.871822,0.1,0.0,51.0,992.90643,100.0,76.0,81.0,100.0,,0.048626557,0.18641138,24.842607,88.56794,90.8303,28.8,19.313501,0.183
2025-09-24 23:00:00+00:00,CTGB Maloney and Webster,TotalEnergies,2.0,Tolland,CT,ISNE,41.8722,-72.3695,15.833333134651186,3.8,3.8,18.563501,93.319405,14.58,0.1,1018.0,228.0,13.0,1.8,89.0,0.0,0.0,0.0,,,,,,,,17.463501,19.11432,0.1,0.0,51.0,993.44226,100.0,96.0,71.0,61.0,,0.02367059,0.14287865,25.382553,90.0,90.81264,29.519999,18.9135,0.183
2025-09-25 00:00:00+00:00,CTGB Maloney and Webster,TotalEnergies,2.0,Tolland,CT,ISNE,41.8722,-72.3695,13.333333532015484,3.3,3.2,18.3635,93.604866,15.496736,0.0,1018.5,233.0,14.5,2.1,83.0,0.0,0.0,0.0,,,,,,,,17.313501,18.715424,0.0,0.0,3.0,993.9137,100.0,100.0,23.0,100.0,,0.0,0.13507462,26.48203,92.66295,92.33726,30.599998,18.6135,0.183
2025-09-25 01:00:00+00:00,CTGB Maloney and Webster,TotalEnergies,2.0,Tolland,CT,ISNE,41.8722,-72.3695,16.2500003973643,3.9,3.9,,,,,,237.0,13.5,2.1,83.0,0.0,0.0,0.0,,,,,,,,,,,,,,,,,,,,,,,,,,
2025-09-25 02:00:00+00:00,CTGB Maloney and Webster,TotalEnergies,2.0,Tolland,CT,ISNE,41.8722,-72.3695,20.0000007947286,4.8,4.8,,,,,,240.0,12.1,2.0,84.0,0.0,0.0,0.0,,,,,,,,,,,,,,,,,,,,,,,,,,
2025-09-25 03:00:00+00:00,CTGB Maloney and Webster,TotalEnergies,2.0,Tolland,CT,ISNE,41.8722,-72.3695,20.0000007947286,4.9,4.8,,,,,,240.0,10.7,1.9,84.0,0.0,0.0,0.0,,,,,,,,,,,,,,,,,,,,,,,,,,
2025-09-25 04:00:00+00:00,CTGB Maloney and Webster,TotalEnergies,2.0,Tolland,CT,ISNE,41.8722,-72.3695,16.2500003973643,4.0,3.9,,,,,,236.0,9.2,1.8,85.0,0.0,0.0,0.0,,,,,,,,,,,,,,,,,,,,,,,,,,
2025-09-25 05:00:00+00:00,CTGB Maloney and Webster,TotalEnergies,2.0,Tolland,CT,ISNE,41.8722,-72.3695,12.5,3.0,3.0,,,,,,229.0,7.7,1.7,86.0,0.0,0.0,0.0,,,,,,,,,,,,,,,,,,,,,,,,,,
2025-09-25 06:00:00+00:00,CTGB Maloney and Webster,TotalEnergies,2.0,Tolland,CT,ISNE,41.8722,-72.3695,10.416666666666668,2.5,2.5,,,,,,221.0,6.5,1.6,86.0,0.0,0.0,0.0,,,,,,,,,,,,,,,,,,,,,,,,,,
2025-09-25 07:00:00+00:00,CTGB Maloney and Webster,TotalEnergies,2.0,Tolland,CT,ISNE,41.8722,-72.3695,10.0000003973643,2.5,2.4,,,,,,212.0,5.7,1.6,83.0,0.0,0.0,0.0,,,,,,,,,,,,,,,,,,,,,,,,,,
2025-09-25 08:00:00+00:00,CTGB Maloney and Webster,TotalEnergies,2.0,Tolland,CT,ISNE,41.8722,-72.3695,9.166666865348816,2.2,2.2,,,,,,202.0,5.1,1.6,77.0,0.0,0.0,0.0,,,,,,,,,,,,,,,,,,,,,,,,,,
2025-09-25 09:00:00+00:00,CTGB Maloney and Webster,TotalEnergies,2.0,Tolland,CT,ISNE,41.8722,-72.3695,7.499999801317851,1.8,1.8,,,,,,193.0,4.9,1.5,72.0,0.0,0.0,0.0,,,,,,,,,,,,,,,,,,,,,,,,,,
2025-09-25 10:00:00+00:00,CTGB Maloney and Webster,TotalEnergies,2.0,Tolland,CT,ISNE,41.8722,-72.3695,5.416666467984518,1.3,1.3,,,,,,185.0,5.1,1.3,66.0,0.0,0.0,0.0,,,,,,,,,,,,,,,,,,,,,,,,,,
2025-09-25 11:00:00+00:00,CTGB Maloney and Webster,TotalEnergies,2.0,Tolland,CT,ISNE,41.8722,-72.3695,3.333333383003871,0.8,0.8,,,,,,177.0,5.5,1.1,60.0,0.0,0.0,0.05,,,,,,,,,,,,,,,,,,,,,,,,,,
2025-09-25 12:00:00+00:00,CTGB Maloney and Webster,TotalEnergies,2.0,Tolland,CT,ISNE,41.8722,-72.3695,14.999999602635702,3.9,3.6,,,,,,169.0,8.5,1.2,57.0,0.0,0.15,0.5,,,,,,,,,,,,,,,,,,,,,,,,,,
2025-09-25 13:00:00+00:00,CTGB Maloney and Webster,TotalEnergies,2.0,Tolland,CT,ISNE,41.8722,-72.3695,10.416666666666668,2.6,2.5,,,,,,159.0,7.9,1.1,55.0,0.0,0.55,1.55,,,,,,,,,,,,,,,,,,,,,,,,,,
2025-09-25 14:00:00+00:00,CTGB Maloney and Webster,TotalEnergies,2.0,Tolland,CT,ISNE,41.8722,-72.3695,5.833333233992259,1.4,1.4,,,,,,149.0,7.1,1.0,53.0,0.0,0.95,3.05,,,,,,,,,,,,,,,,,,,,,,,,,,
2025-09-25 15:00:00+00:00,CTGB Maloney and Webster,TotalEnergies,2.0,Tolland,CT,ISNE,41.8722,-72.3695,5.833333233992259,1.5,1.4,,,,,,143.0,6.4,0.9,52.0,0.0,0.65,4.5,,,,,,,,,,,,,,,,,,,,,,,,,,
2025-09-25 16:00:00+00:00,CTGB Maloney and Webster,TotalEnergies,2.0,Tolland,CT,ISNE,41.8722,-72.3695,5.833333233992259,1.6,1.4,,,,,,145.0,5.7,0.8,56.0,0.0,0.7,5.4,,,,,,,,,,,,,,,,,,,,,,,,,,
2025-09-25 17:00:00+00:00,CTGB Maloney and Webster,TotalEnergies,2.0,Tolland,CT,ISNE,41.8722,-72.3695,7.499999801317851,2.1,1.8,,,,,,151.0,5.1,0.8,61.0,0.0,0.55,5.35,,,,,,,,,,,,,,,,,,,,,,,,,,
2025-09-25 18:00:00+00:00,CTGB Maloney and Webster,TotalEnergies,2.0,Tolland,CT,ISNE,41.8722,-72.3695,7.499999801317851,1.9,1.8,,,,,,155.0,4.9,0.8,64.0,0.0,0.3,4.55,,,,,,,,,,,,,,,,,,,,,,,,,,
2025-09-25 19:00:00+00:00,CTGB Maloney and Webster,TotalEnergies,2.0,Tolland,CT,ISNE,41.8722,-72.3695,7.499999801317851,1.9,1.8,,,,,,155.0,5.5,0.9,61.0,0.0,0.3,3.15,,,,,,,,,,,,,,,,,,,,,,,,,,
2025-09-25 20:00:00+00:00,CTGB Maloney and Webster,TotalEnergies,2.0,Tolland,CT,ISNE,41.8722,-72.3695,5.416666467984518,1.5,1.3,,,,,,152.0,6.5,1.0,56.0,0.0,0.15,1.7,,,,,,,,,,,,,,,,,,,,,,,,,,
2025-09-25 21:00:00+00:00,CTGB Maloney and Webster,TotalEnergies,2.0,Tolland,CT,ISNE,41.8722,-72.3695,4.166666666666667,1.0,1.0,,,,,,151.0,7.3,1.1,53.0,0.0,0.1,0.6,,,,,,,,,,,,,,,,,,,,,,,,,,
2025-09-25 22:00:00+00:00,CTGB Maloney and Webster,TotalEnergies,2.0,Tolland,CT,ISNE,41.8722,-72.3695,6.666666766007742,1.8,1.6,,,,,,152.0,7.6,1.3,57.0,0.0,0.05,0.1,,,,,,,,,,,,,,,,,,,,,,,,,,
2025-09-25 23:00:00+00:00,CTGB Maloney and Webster,TotalEnergies,2.0,Tolland,CT,ISNE,41.8722,-72.3695,17.499999205271404,5.2,4.2,,,,,,153.0,7.6,1.5,63.0,0.0,0.0,0.0,,,,,,,,,,,,,,,,,,,,,,,,,,
2025-09-26 00:00:00+00:00,CTGB Maloney and Webster,TotalEnergies,2.0,Tolland,CT,ISNE,41.8722,-72.3695,24.166667461395264,6.2,5.8,,,,,,154.0,9.1,2.5,88.0,0.0,0.0,0.0,,,,,,,,,,,,,,,,,,,,,,,,,,
2025-09-26 01:00:00+00:00,CTGB Maloney and Webster,TotalEnergies,2.0,Tolland,CT,ISNE,41.8722,-72.3695,26.666667064030968,6.7,6.4,,,,,,150.0,9.8,2.8,87.0,0.0,0.0,0.0,,,,,,,,,,,,,,,,,,,,,,,,,,
2025-09-26 02:00:00+00:00,CTGB Maloney and Webster,TotalEnergies,2.0,Tolland,CT,ISNE,41.8722,-72.3695,20.416667064030968,5.0,4.9,,,,,,146.0,10.8,3.2,84.0,0.0,0.0,0.0,,,,,,,,,,,,,,,,,,,,,,,,,,
2025-09-26 03:00:00+00:00,CTGB Maloney and Webster,TotalEnergies,2.0,Tolland,CT,ISNE,41.8722,-72.3695,17.499999205271404,4.2,4.2,,,,,,147.0,11.2,3.5,82.0,0.0,0.0,0.0,,,,,,,,,,,,,,,,,,,,,,,,,,
2025-09-26 04:00:00+00:00,CTGB Maloney and Webster,TotalEnergies,2.0,Tolland,CT,ISNE,41.8722,-72.3695,18.333333730697632,4.4,4.4,,,,,,159.0,10.4,3.5,79.0,0.0,0.0,0.0,,,,,,,,,,,,,,,,,,,,,,,,,,
2025-09-26 05:00:00+00:00,CTGB Maloney and Webster,TotalEnergies,2.0,Tolland,CT,ISNE,41.8722,-72.3695,19.166666269302368,4.6,4.6,,,,,,178.0,9.0,3.3,77.0,0.0,0.0,0.0,,,,,,,,,,,,,,,,,,,,,,,,,,
2025-09-26 06:00:00+00:00,CTGB Maloney and Webster,TotalEnergies,2.0,Tolland,CT,ISNE,41.8722,-72.3695,19.166666269302368,4.6,4.6,,,,,,193.0,7.8,3.1,74.0,0.0,0.0,0.0,,,,,,,,,,,,,,,,,,,,,,,,,,
2025-09-26 07:00:00+00:00,CTGB Maloney and Webster,TotalEnergies,2.0,Tolland,CT,ISNE,41.8722,-72.3695,18.75,4.5,4.5,,,,,,201.0,6.6,2.9,72.0,0.0,0.0,0.0,,,,,,,,,,,,,,,,,,,,,,,,,,
2025-09-26 08:00:00+00:00,CTGB Maloney and Webster,TotalEnergies,2.0,Tolland,CT,ISNE,41.8722,-72.3695,18.333333730697632,4.4,4.4,,,,,,205.0,5.5,2.6,70.0,0.0,0.0,0.0,,,,,,,,,,,,,,,,,,,,,,,,,,
2025-09-26 09:00:00+00:00,CTGB Maloney and Webster,TotalEnergies,2.0,Tolland,CT,ISNE,41.8722,-72.3695,19.166666269302368,4.6,4.6,,,,,,213.0,5.7,2.4,66.0,0.0,0.0,0.0,,,,,,,,,,,,,,,,,,,,,,,,,,
2025-09-26 10:00:00+00:00,CTGB Maloney and Webster,TotalEnergies,2.0,Tolland,CT,ISNE,41.8722,-72.3695,20.833333333333336,5.0,5.0,,,,,,230.0,8.8,2.4,58.0,0.0,0.0,0.0,,,,,,,,,,,,,,,,,,,,,,,,,,
2025-09-26 11:00:00+00:00,CTGB Maloney and Webster,TotalEnergies,2.0,Tolland,CT,ISNE,41.8722,-72.3695,24.583333730697632,5.9,5.9,,,,,,250.0,13.3,2.4,49.0,0.0,0.05,0.05,,,,,,,,,,,,,,,,,,,,,,,,,,
2025-09-26 12:00:00+00:00,CTGB Maloney and Webster,TotalEnergies,2.0,Tolland,CT,ISNE,41.8722,-72.3695,31.250000000000004,7.5,7.5,,,,,,262.0,15.4,2.4,46.0,0.0,0.45,0.5,,,,,,,,,,,,,,,,,,,,,,,,,,
2025-09-26 13:00:00+00:00,CTGB Maloney and Webster,TotalEnergies,2.0,Tolland,CT,ISNE,41.8722,-72.3695,24.583333730697632,5.9,5.9,,,,,,261.0,12.7,2.2,56.0,0.0,1.15,1.55,,,,,,,,,,,,,,,,,,,,,,,,,,
2025-09-26 14:00:00+00:00,CTGB Maloney and Webster,TotalEnergies,2.0,Tolland,CT,ISNE,41.8722,-72.3695,18.75,4.5,4.5,,,,,,252.0,7.7,1.8,72.0,0.0,1.8,3.0,,,,,,,,,,,,,,,,,,,,,,,,,,
2025-09-26 15:00:00+00:00,CTGB Maloney and Webster,TotalEnergies,2.0,Tolland,CT,ISNE,41.8722,-72.3695,14.999999602635702,3.6,3.6,,,,,,242.0,3.8,1.5,86.0,0.0,2.3,4.5,,,,,,,,,,,,,,,,,,,,,,,,,,
2025-09-26 16:00:00+00:00,CTGB Maloney and Webster,TotalEnergies,2.0,Tolland,CT,ISNE,41.8722,-72.3695,14.166667064030966,3.4,3.4,,,,,,232.0,2.4,1.2,95.0,0.0,2.65,5.45,,,,,,,,,,,,,,,,,,,,,,,,,,
2025-09-26 17:00:00+00:00,CTGB Maloney and Webster,TotalEnergies,2.0,Tolland,CT,ISNE,41.8722,-72.3695,13.333333532015484,3.3,3.2,,,,,,221.0,2.0,1.0,102.0,0.0,3.9,5.5,,,,,,,,,,,,,,,,,,,,,,,,,,
2025-09-26 18:00:00+00:00,CTGB Maloney and Webster,TotalEnergies,2.0,Tolland,CT,ISNE,41.8722,-72.3695,13.749999801317852,3.3,3.3,,,,,,216.0,2.1,0.8,106.0,0.0,4.05,4.6,,,,,,,,,,,,,,,,,,,,,,,,,,
2025-09-26 19:00:00+00:00,CTGB Maloney and Webster,TotalEnergies,2.0,Tolland,CT,ISNE,41.8722,-72.3695,13.749999801317852,3.4,3.3,,,,,,218.0,1.5,0.7,108.0,0.0,2.9,3.1,,,,,,,,,,,,,,,,,,,,,,,,,,
2025-09-26 20:00:00+00:00,CTGB Maloney and Webster,TotalEnergies,2.0,Tolland,CT,ISNE,41.8722,-72.3695,14.583333333333334,3.6,3.5,,,,,,224.0,1.4,0.8,108.0,0.0,1.55,1.6,,,,,,,,,,,,,,,,,,,,,,,,,,
2025-09-26 21:00:00+00:00,CTGB Maloney and Webster,TotalEnergies,2.0,Tolland,CT,ISNE,41.8722,-72.3695,16.2500003973643,4.0,3.9,,,,,,236.0,4.1,0.9,103.0,0.0,0.55,0.55,,,,,,,,,,,,,,,,,,,,,,,,,,
2025-09-26 22:00:00+00:00,CTGB Maloney and Webster,TotalEnergies,2.0,Tolland,CT,ISNE,41.8722,-72.3695,21.249999602635704,5.2,5.1,,,,,,259.0,12.6,1.2,90.0,0.0,0.1,0.1,,,,,,,,,,,,,,,,,,,,,,,,,,
2025-09-26 23:00:00+00:00,CTGB Maloney and Webster,TotalEnergies,2.0,Tolland,CT,ISNE,41.8722,-72.3695,30.416667461395267,7.4,7.3,,,,,,286.0,23.9,1.6,71.0,0.0,0.0,0.0,,,,,,,,,,,,,,,,,,,,,,,,,,
2025-09-27 00:00:00+00:00,CTGB Maloney and Webster,TotalEnergies,2.0,Tolland,CT,ISNE,41.8722,-72.3695,39.16666507720947,9.5,9.4,,,,,,301.0,32.2,1.9,57.0,0.0,0.0,0.0,,,,,,,,,,,,,,,,,,,,,,,,,,
2025-09-27 01:00:00+00:00,CTGB Maloney and Webster,TotalEnergies,2.0,Tolland,CT,ISNE,41.8722,-72.3695,47.49999841054281,11.5,11.4,,,,,,291.0,35.2,2.1,49.0,0.0,0.0,0.0,,,,,,,,,,,,,,,,,,,,,,,,,,
2025-09-27 02:00:00+00:00,CTGB Maloney and Webster,TotalEnergies,2.0,Tolland,CT,ISNE,41.8722,-72.3695,50.854700039594604,12.5,12.4,,,,,,268.0,35.2,2.3,46.0,0.0,0.0,0.0,,,,,,,,,,,,,,,,,,,,,,,,,,
2025-09-27 03:00:00+00:00,CTGB Maloney and Webster,TotalEnergies,2.0,Tolland,CT,ISNE,41.8722,-72.3695,47.083334128061935,11.4,11.3,,,,,,248.0,32.5,2.4,46.0,0.0,0.0,0.0,,,,,,,,,,,,,,,,,,,,,,,,,,
