timestamp,price,action_kw,energy_kwh,soc_before,soc_after,revenue,cumulative_revenue
2025-09-13 13:00:00+00:00,0.00017908,0.0,0.0,250.0,250.0,0.0,0.0
2025-09-13 13:05:00+00:00,0.04259203,-99.99999999999999,-8.333333333333332,250.0,241.2280701754386,0.3534819049775,0.3534819049775
2025-09-13 13:10:00+00:00,0.04242202,-99.99999999999999,-8.333333333333332,241.2280701754386,232.4561403508772,0.35207094948499995,0.7055528544624999
2025-09-13 13:15:00+00:00,-0.00061754,0.0,0.0,232.4561403508772,232.4561403508772,0.0,0.7055528544624999
2025-09-13 13:20:00+00:00,-0.0006230799999999,0.0,0.0,232.4561403508772,232.4561403508772,0.0,0.7055528544624999
2025-09-13 13:25:00+00:00,0.04368997,-99.99999999999999,-8.333333333333332,232.4561403508772,223.6842105263158,0.36259398352249994,1.0681468379849999
2025-09-13 13:30:00+00:00,-0.00047198,0.0,0.0,223.6842105263158,223.6842105263158,0.0,1.0681468379849999
2025-09-13 13:35:00+00:00,0.04370188,-99.99999999999999,-8.333333333333332,223.6842105263158,214.9122807017544,0.36269282758999993,1.4308396655749998
2025-09-13 13:40:00+00:00,-0.00047198,0.0,0.0,214.9122807017544,214.9122807017544,0.0,1.4308396655749998
2025-09-13 13:45:00+00:00,-0.00040664,0.0,0.0,214.9122807017544,214.9122807017544,0.0,1.4308396655749998
2025-09-13 13:50:00+00:00,-0.00040412,0.0,0.0,214.9122807017544,214.9122807017544,0.0,1.4308396655749998
2025-09-13 13:55:00+00:00,-0.00040827,0.0,0.0,214.9122807017544,214.9122807017544,0.0,1.4308396655749998
2025-09-13 14:00:00+00:00,0.04499644,-99.99999999999999,-8.333333333333332,214.9122807017544,206.14035087719301,0.37343670466999995,1.8042763702449998
2025-09-13 14:05:00+00:00,0.0,0.0,0.0,206.14035087719301,206.14035087719301,0.0,1.8042763702449998
2025-09-13 14:10:00+00:00,-5.006e-05,0.0,0.0,206.14035087719301,206.14035087719301,0.0,1.8042763702449998
2025-09-13 14:15:00+00:00,0.04174592,-99.99999999999999,-8.333333333333332,206.14035087719301,197.36842105263162,0.34645982655999996,2.1507361968049996
2025-09-13 14:20:00+00:00,0.0,0.0,0.0,197.36842105263162,197.36842105263162,0.0,2.1507361968049996
2025-09-13 14:25:00+00:00,0.03700956,-99.99999999999999,-8.333333333333332,197.36842105263162,188.59649122807022,0.30715159082999993,2.4578877876349994
2025-09-13 14:30:00+00:00,0.03016456,-99.99999999999999,-8.333333333333332,188.59649122807022,179.82456140350882,0.2503432245799999,2.7082310122149993
2025-09-13 14:35:00+00:00,0.00100318,0.0,0.0,179.82456140350882,179.82456140350882,0.0,2.7082310122149993
2025-09-13 14:40:00+00:00,0.03043025,-99.99999999999999,-8.333333333333332,179.82456140350882,171.05263157894743,0.25254825231249994,2.960779264527499
2025-09-13 14:45:00+00:00,0.0033513799999999,0.0,0.0,171.05263157894743,171.05263157894743,0.0,2.960779264527499
2025-09-13 14:50:00+00:00,0.0005675799999999,0.0,0.0,171.05263157894743,171.05263157894743,0.0,2.960779264527499
2025-09-13 14:55:00+00:00,0.0005515,0.0,0.0,171.05263157894743,171.05263157894743,0.0,2.960779264527499
2025-09-13 15:00:00+00:00,0.00014935,0.0,0.0,171.05263157894743,171.05263157894743,0.0,2.960779264527499
2025-09-13 15:05:00+00:00,0.00065337,0.0,0.0,171.05263157894743,171.05263157894743,0.0,2.960779264527499
2025-09-13 15:10:00+00:00,0.0006066,0.0,0.0,171.05263157894743,171.05263157894743,0.0,2.960779264527499
2025-09-13 15:15:00+00:00,0.00253994,0.0,0.0,171.05263157894743,171.05263157894743,0.0,2.960779264527499
2025-09-13 15:20:00+00:00,0.02058463,-99.99999999999999,-8.333333333333332,171.05263157894743,162.28070175438603,0.17083699052749995,3.131616255054999
2025-09-13 15:25:00+00:00,0.01872821,-99.99999999999999,-8.333333333333332,162.28070175438603,153.50877192982463,0.15543009684249995,3.287046351897499
2025-09-13 15:30:00+00:00,0.0185165,-99.99999999999999,-8.333333333333332,153.50877192982463,144.73684210526324,0.153673062625,3.4407194145224986
2025-09-13 15:35:00+00:00,0.01872956,-99.99999999999999,-8.333333333333332,144.73684210526324,135.96491228070184,0.15544130082999996,3.5961607153524984
2025-09-13 15:40:00+00:00,0.00448196,-99.99999999999999,-8.333333333333332,135.96491228070184,127.19298245614044,0.03719690653,3.6333576218824986
2025-09-13 15:45:00+00:00,0.01704375,-99.99999999999999,-8.333333333333332,127.19298245614044,118.42105263157904,0.14145034218749997,3.7748079640699985
2025-09-13 15:50:00+00:00,0.01724092,-99.99999999999999,-8.333333333333332,118.42105263157904,109.64912280701765,0.14308670530999998,3.9178946693799985
2025-09-13 15:55:00+00:00,0.01729194,-99.99999999999999,-8.333333333333332,109.64912280701765,100.87719298245625,0.14351013304499996,4.061404802424999
2025-09-13 16:00:00+00:00,0.00057643,0.0,0.0,100.87719298245625,100.87719298245625,0.0,4.061404802424999
2025-09-13 16:05:00+00:00,0.00060031,0.0,0.0,100.87719298245625,100.87719298245625,0.0,4.061404802424999
2025-09-13 16:10:00+00:00,0.00055817,0.0,0.0,100.87719298245625,100.87719298245625,0.0,4.061404802424999
2025-09-13 16:15:00+00:00,0.02017558,-99.99999999999999,-8.333333333333332,100.87719298245625,92.10526315789485,0.16744218231499994,4.228846984739999
2025-09-13 16:20:00+00:00,0.03669281,-99.99999999999999,-8.333333333333332,92.10526315789485,83.33333333333346,0.30452280339249993,4.533369788132498
2025-09-13 16:25:00+00:00,0.02033004,-99.99999999999999,-8.333333333333332,83.33333333333346,74.56140350877206,0.16872408446999998,4.702093872602498
2025-09-13 16:30:00+00:00,0.01728178,-99.99999999999999,-8.333333333333332,74.56140350877206,65.78947368421066,0.14342581266499999,4.845519685267498
2025-09-13 16:35:00+00:00,0.01960706,-99.99999999999999,-8.333333333333332,65.78947368421066,57.01754385964926,0.16272389270499998,5.0082435779724985
2025-09-13 16:40:00+00:00,0.03740918,-99.99999999999999,-8.333333333333332,57.01754385964926,48.245614035087854,0.31046813711499993,5.318711715087498
2025-09-13 16:45:00+00:00,0.01947058,-99.99999999999999,-8.333333333333332,48.245614035087854,39.47368421052645,0.161591211065,5.480302926152498
2025-09-13 16:50:00+00:00,0.00055629,0.0,0.0,39.47368421052645,39.47368421052645,0.0,5.480302926152498
2025-09-13 16:55:00+00:00,0.03812931,-99.99999999999999,-8.333333333333332,39.47368421052645,30.701754385965046,0.3164446760174999,5.796747602169997
2025-09-13 17:00:00+00:00,0.01994759,-99.99999999999999,-8.333333333333332,30.701754385965046,21.929824561403642,0.16555003630749998,5.962297638477497
2025-09-13 17:05:00+00:00,0.000371,99.99999999999999,8.333333333333332,21.929824561403642,29.846491228070306,-0.003104311583333333,5.959193326894164
2025-09-13 17:10:00+00:00,0.0016278999999999,99.99999999999999,8.333333333333332,29.846491228070306,37.76315789473697,-0.013621317591665827,5.945572009302499
2025-09-13 17:15:00+00:00,0.00037359,99.99999999999999,8.333333333333332,37.76315789473697,45.679824561403635,-0.003125983192499999,5.942446026109999
2025-09-13 17:20:00+00:00,0.0016259,99.99999999999999,8.333333333333332,45.679824561403635,53.5964912280703,-0.01360458275833333,5.928841443351666
2025-09-13 17:25:00+00:00,0.02159088,-99.99999999999999,-8.333333333333332,53.5964912280703,44.824561403508895,0.17918811083999997,6.108029554191666
2025-09-13 17:30:00+00:00,0.02268221,-99.99999999999999,-8.333333333333332,44.824561403508895,36.05263157894749,0.1882453313425,6.296274885534166
2025-09-13 17:35:00+00:00,0.02035644,-99.99999999999999,-8.333333333333332,36.05263157894749,27.280701754386087,0.16894318466999997,6.465218070204166
2025-09-13 17:40:00+00:00,0.00132648,99.99999999999999,8.333333333333332,27.280701754386087,35.19736842105275,-0.011099210859999998,6.454118859344166
2025-09-13 17:45:00+00:00,0.0226352599999999,-99.99999999999999,-8.333333333333332,35.19736842105275,26.425438596491347,0.18785568155499915,6.641974540899165
2025-09-13 17:50:00+00:00,0.02244485,-99.99999999999999,-8.333333333333332,26.425438596491347,17.653508771929943,0.18627542136249994,6.828249962261665
2025-09-13 17:55:00+00:00,0.00097921,99.99999999999999,8.333333333333332,17.653508771929943,25.570175438596607,-0.008193458074166667,6.820056504187498
2025-09-13 18:00:00+00:00,0.02437657,-99.99999999999999,-8.333333333333332,25.570175438596607,16.798245614035203,0.20230724857249996,7.022363752759998
2025-09-13 18:05:00+00:00,0.00040283,99.99999999999999,8.333333333333332,16.798245614035203,24.714912280701867,-0.003370646455833333,7.018993106304165
2025-09-13 18:10:00+00:00,0.0222250599999999,-39.99999999999999,-3.3333333333333326,24.714912280701867,21.206140350877305,0.07378053168199965,7.092773637986165
2025-09-13 18:15:00+00:00,0.02274305,-99.99999999999999,-8.333333333333332,21.206140350877305,12.434210526315903,0.18875025771249998,7.2815238956986645
2025-09-13 18:20:00+00:00,0.0,99.99999999999999,8.333333333333332,12.434210526315903,20.35087719298257,-0.0,7.2815238956986645
2025-09-13 18:25:00+00:00,0.0003829299999999,99.99999999999999,8.333333333333332,20.35087719298257,28.267543859649233,-0.003204134864165829,7.278319760834498
2025-09-13 18:30:00+00:00,0.02405645,-99.99999999999999,-8.333333333333332,28.267543859649233,19.495614035087833,0.19965049266249998,7.4779702534969985
2025-09-13 18:35:00+00:00,0.02340048,-99.99999999999999,-8.333333333333332,19.495614035087833,10.72368421052643,0.19420643363999998,7.672176687136998
2025-09-13 18:40:00+00:00,0.02327155,-99.99999999999999,-8.333333333333332,10.72368421052643,1.9517543859650281,0.19313641133749995,7.865313098474498
2025-09-13 18:45:00+00:00,0.00027518,99.99999999999999,8.333333333333332,1.9517543859650281,9.868421052631692,-0.0023025457183333325,7.863010552756165
2025-09-13 18:50:00+00:00,0.02153781,-99.99999999999999,-8.333333333333332,9.868421052631692,1.09649122807029,0.1787476696425,8.041758222398665
2025-09-13 18:55:00+00:00,0.02155431,-10.000000000001046,-0.8333333333334205,1.09649122807029,0.21929824561405797,0.017888460726751872,8.059646683125417
2025-09-13 19:00:00+00:00,0.02058795,-2.0000000000002087,-0.16666666666668406,0.21929824561405797,0.043859649122811595,0.0034172908807503562,8.063063974006166
2025-09-13 19:05:00+00:00,0.0,99.99999999999999,8.333333333333332,0.043859649122811595,7.960526315789477,-0.0,8.063063974006166
2025-09-13 19:10:00+00:00,0.01949047,-72.60000000000004,-6.0500000000000025,7.960526315789477,1.5921052631578956,0.11743506156508504,8.180499035571252
2025-09-13 19:15:00+00:00,0.00033994,99.99999999999999,8.333333333333332,1.5921052631578956,9.508771929824562,-0.002844419621666666,8.177654615949585
2025-09-13 19:20:00+00:00,0.00032448,99.99999999999999,8.333333333333332,9.508771929824562,17.425438596491226,-0.002715059359999999,8.174939556589585
2025-09-13 19:25:00+00:00,0.0182951799999999,-99.99999999999999,-8.333333333333332,17.425438596491226,8.653508771929824,0.15183627261499916,8.326775829204584
2025-09-13 19:30:00+00:00,0.0,99.99999999999999,8.333333333333332,8.653508771929824,16.57017543859649,-0.0,8.326775829204584
2025-09-13 19:35:00+00:00,0.0,99.99999999999999,8.333333333333332,16.57017543859649,24.486842105263154,-0.0,8.326775829204584
2025-09-13 19:40:00+00:00,0.00029237,99.99999999999999,8.333333333333332,24.486842105263154,32.40350877192982,-0.002446381610833333,8.324329447593751
2025-09-13 19:45:00+00:00,0.0,99.99999999999999,8.333333333333332,32.40350877192982,40.320175438596486,-0.0,8.324329447593751
2025-09-13 19:50:00+00:00,0.02083658,-99.99999999999999,-8.333333333333332,40.320175438596486,31.548245614035082,0.17292798656499997,8.497257434158751
2025-09-13 19:55:00+00:00,0.0203281199999999,-99.99999999999999,-8.333333333333332,31.548245614035082,22.776315789473678,0.16870814990999916,8.66596558406875
2025-09-13 20:00:00+00:00,1.99e-06,99.99999999999999,8.333333333333332,22.776315789473678,30.692982456140342,-1.6651159166666663e-05,8.665948932909584
2025-09-13 20:05:00+00:00,0.01824738,0.0,0.0,30.692982456140342,30.692982456140342,0.0,8.665948932909584
2025-09-13 20:10:00+00:00,0.01911216,-99.99999999999999,-8.333333333333332,30.692982456140342,21.921052631578938,0.15861659387999996,8.824565526789584
2025-09-13 20:15:00+00:00,0.01945261,-99.99999999999999,-8.333333333333332,21.921052631578938,13.149122807017536,0.16144207354249995,8.986007600332083
2025-09-13 20:20:00+00:00,0.02014317,-39.99999999999999,-3.3333333333333326,13.149122807017536,9.640350877192976,0.06686928144899998,9.052876881781083
2025-09-13 20:25:00+00:00,0.02106046,-99.99999999999999,-8.333333333333332,9.640350877192976,0.8684210526315734,0.17478602265499996,9.227662904436084
2025-09-13 20:30:00+00:00,0.00166012,99.99999999999999,8.333333333333332,0.8684210526315734,8.78508771929824,-0.013890915756666664,9.213771988679417
2025-09-13 20:35:00+00:00,0.02286446,-79.99999999999999,-6.666666666666665,8.78508771929824,1.767543859649118,0.15180629572399995,9.365578284403417
2025-09-13 20:40:00+00:00,0.00289817,79.99999999999999,6.666666666666665,1.767543859649118,8.100877192982448,-0.01940015676866666,9.34617812763475
2025-09-13 20:45:00+00:00,0.0007657899999999,99.99999999999999,8.333333333333332,8.100877192982448,16.017543859649113,-0.006407684009165828,9.339770443625586
2025-09-13 20:50:00+00:00,0.0192128799999999,-99.99999999999999,-8.333333333333332,16.017543859649113,7.24561403508771,0.15945249433999917,9.499222937965586
2025-09-13 20:55:00+00:00,0.01989611,-66.07999999999993,-5.506666666666661,7.24561403508771,1.4491228070175408,0.10911314023828388,9.60833607820387
2025-09-13 21:00:00+00:00,0.00022466,99.99999999999999,8.333333333333332,1.4491228070175408,9.365789473684206,-0.001879823828333333,9.606456254375535
2025-09-13 21:05:00+00:00,6.275e-05,99.99999999999999,8.333333333333332,9.365789473684206,17.28245614035087,-0.0005250553958333332,9.605931198979702
2025-09-13 21:10:00+00:00,0.00346666,19.999999999999996,1.6666666666666663,17.28245614035087,18.865789473684202,-0.005801397732333332,9.600129801247368
2025-09-13 21:15:00+00:00,0.0143638999999999,-79.99999999999999,-6.666666666666665,18.865789473684202,11.848245614035081,0.0953676776599993,9.695497478907367
2025-09-13 21:20:00+00:00,0.00034505,99.99999999999999,8.333333333333332,11.848245614035081,19.764912280701747,-0.002887177120833333,9.692610301786534
2025-09-13 21:25:00+00:00,0.00618283,99.99999999999999,8.333333333333332,19.764912280701747,27.68157894736841,-0.05173431478916666,9.640875986997367
2025-09-13 21:30:00+00:00,0.02298145,-99.99999999999999,-8.333333333333332,27.68157894736841,18.90964912280701,0.19072879891249997,9.831604785909867
2025-09-13 21:35:00+00:00,0.00734849,19.999999999999996,1.6666666666666663,18.90964912280701,20.492982456140343,-0.012297575540166665,9.8193072103697
2025-09-13 21:40:00+00:00,0.00738159,0.0,0.0,20.492982456140343,20.492982456140343,0.0,9.8193072103697
2025-09-13 21:45:00+00:00,0.00040176,99.99999999999999,8.333333333333332,20.492982456140343,28.409649122807007,-0.003361693319999999,9.8159455170497
2025-09-13 21:50:00+00:00,0.01877676,-79.99999999999999,-6.666666666666665,28.409649122807007,21.392105263157887,0.12466642034399997,9.9406119373937
2025-09-13 21:55:00+00:00,0.02568798,-99.99999999999999,-8.333333333333332,21.392105263157887,12.620175438596485,0.21319096801499995,10.1538029054087
2025-09-13 22:00:00+00:00,0.00748482,99.99999999999999,8.333333333333332,12.620175438596485,20.53684210526315,-0.06262860761499998,10.0911742977937
2025-09-13 22:05:00+00:00,0.00044802,99.99999999999999,8.333333333333332,20.53684210526315,28.453508771929815,-0.0037487700149999993,10.0874255277787
2025-09-13 22:10:00+00:00,0.02611749,-99.99999999999999,-8.333333333333332,28.453508771929815,19.681578947368415,0.21675557888249997,10.3041811066612
2025-09-13 22:15:00+00:00,0.02416443,-99.99999999999999,-8.333333333333332,19.681578947368415,10.909649122807012,0.20054664567749997,10.5047277523387
2025-09-13 22:20:00+00:00,0.0235185,-99.99999999999999,-8.333333333333332,10.909649122807012,2.13771929824561,0.19518591112499997,10.6999136634637
2025-09-13 22:25:00+00:00,0.0003161,99.99999999999999,8.333333333333332,2.13771929824561,10.054385964912274,-0.0026449404083333326,10.697268723055368
2025-09-13 22:30:00+00:00,0.01072757,0.0,0.0,10.054385964912274,10.054385964912274,0.0,10.697268723055368
2025-09-13 22:35:00+00:00,0.01236893,0.0,0.0,10.054385964912274,10.054385964912274,0.0,10.697268723055368
2025-09-13 22:40:00+00:00,0.01280974,0.0,0.0,10.054385964912274,10.054385964912274,0.0,10.697268723055368
2025-09-13 22:45:00+00:00,0.02093804,0.0,0.0,10.054385964912274,10.054385964912274,0.0,10.697268723055368
2025-09-13 22:50:00+00:00,0.0341936699999999,-99.99999999999999,-8.333333333333332,10.054385964912274,1.282456140350872,0.2837818157474991,10.981050538802867
2025-09-13 22:55:00+00:00,0.0003995,99.99999999999999,8.333333333333332,1.282456140350872,9.199122807017538,-0.0033427829583333323,10.977707755844534
2025-09-13 23:00:00+00:00,0.02496953,-99.99999999999999,-8.333333333333332,9.199122807017538,0.4271929824561358,0.20722837185249995,11.184936127697034
2025-09-13 23:05:00+00:00,0.01682549,-3.895999999999959,-0.3246666666666632,0.4271929824561358,0.08543859649122715,0.005440333409502141,11.190376461106537
2025-09-13 23:10:00+00:00,0.00018764,99.99999999999999,8.333333333333332,0.08543859649122715,8.002105263157892,-0.001570062063333333,11.188806399043203
2025-09-13 23:15:00+00:00,0.00181369,99.99999999999999,8.333333333333332,8.002105263157892,15.918771929824558,-0.015175899934166662,11.173630499109036
2025-09-13 23:20:00+00:00,0.01426482,-99.99999999999999,-8.333333333333332,15.918771929824558,7.146842105263156,0.11838730738499997,11.292017806494036
2025-09-13 23:25:00+00:00,0.01330141,-65.17919999999998,-5.431599999999998,7.146842105263156,1.429368421052632,0.07195244448730592,11.36397025098134
2025-09-13 23:30:00+00:00,0.00036354,99.99999999999999,8.333333333333332,1.429368421052632,9.346035087719297,-0.003041890654999999,11.36092836032634
2025-09-13 23:35:00+00:00,0.00039397,99.99999999999999,8.333333333333332,9.346035087719297,17.26270175438596,-0.003296511144166666,11.357631849182175
2025-09-13 23:40:00+00:00,0.0003744399999999,99.99999999999999,8.333333333333332,17.26270175438596,25.179368421052626,-0.0031330954966658294,11.354498753685508
2025-09-13 23:45:00+00:00,0.02040414,-99.99999999999999,-8.333333333333332,25.179368421052626,16.407438596491225,0.16933905889499998,11.523837812580508
2025-09-13 23:50:00+00:00,0.00041962,99.99999999999999,8.333333333333332,16.407438596491225,24.32410526315789,-0.0035111353816666656,11.520326677198842
2025-09-13 23:55:00+00:00,0.0004202,59.999999999999986,4.999999999999998,24.32410526315789,29.07410526315789,-0.0021095930899999995,11.518217084108842
2025-09-14 00:00:00+00:00,0.00023291,0.0,0.0,29.07410526315789,29.07410526315789,0.0,11.518217084108842
2025-09-14 00:05:00+00:00,0.0265465,-99.99999999999999,-8.333333333333332,29.07410526315789,20.302175438596485,0.22031604012499997,11.738533124233843
2025-09-14 00:10:00+00:00,0.0263634999999999,-99.99999999999999,-8.333333333333332,20.302175438596485,11.530245614035083,0.21879727737499916,11.957330401608843
2025-09-14 00:15:00+00:00,0.0026251699999999,0.0,0.0,11.530245614035083,11.530245614035083,0.0,11.957330401608843
2025-09-14 00:20:00+00:00,0.0004643999999999,0.0,0.0,11.530245614035083,11.530245614035083,0.0,11.957330401608843
2025-09-14 00:25:00+00:00,0.03284571,-99.99999999999999,-8.333333333333332,11.530245614035083,2.7583157894736807,0.27259475871749994,12.229925160326342
2025-09-14 00:30:00+00:00,-8.808000000000001e-05,79.99999999999999,6.666666666666665,2.7583157894736807,9.091649122807013,0.0005896016479999999,12.230514761974343
2025-09-14 00:35:00+00:00,-0.00010033,99.99999999999999,8.333333333333332,9.091649122807013,17.008315789473677,0.0008395029141666665,12.231354264888509
2025-09-14 00:40:00+00:00,-0.00010737,99.99999999999999,8.333333333333332,17.008315789473677,24.92498245614034,0.0008984095274999997,12.232252674416008
2025-09-14 00:45:00+00:00,0.0,0.0,0.0,24.92498245614034,24.92498245614034,0.0,12.232252674416008
2025-09-14 00:50:00+00:00,-3.54e-05,99.99999999999999,8.333333333333332,24.92498245614034,32.841649122807006,0.00029620654999999995,12.232548880966009
2025-09-14 00:55:00+00:00,-3.7019999999999995e-05,99.99999999999999,8.333333333333332,32.841649122807006,40.75831578947367,0.0003097617649999999,12.232858642731008
2025-09-14 01:00:00+00:00,0.03456926,-99.99999999999999,-8.333333333333332,40.75831578947367,31.986385964912266,0.2868989310549999,12.519757573786007
2025-09-14 01:05:00+00:00,1.069e-05,99.99999999999999,8.333333333333332,31.986385964912266,39.90305263157893,-8.944768416666665e-05,12.519668126101841
2025-09-14 01:10:00+00:00,0.0362952099999999,-99.99999999999999,-8.333333333333332,39.90305263157893,31.131122807017526,0.3012230215924991,12.82089114769434
2025-09-14 01:15:00+00:00,-5.241e-05,99.99999999999999,8.333333333333332,31.131122807017526,39.04778947368419,0.0004385363074999999,12.82132968400184
2025-09-14 01:20:00+00:00,0.0,99.99999999999999,8.333333333333332,39.04778947368419,46.964456140350855,-0.0,12.82132968400184
2025-09-14 01:25:00+00:00,-5.616e-05,99.99999999999999,8.333333333333332,46.964456140350855,54.88112280701752,0.0004699141199999999,12.82179959812184
2025-09-14 01:30:00+00:00,0.04107893,-99.99999999999999,-8.333333333333332,54.88112280701752,46.109192982456115,0.34092430980249994,13.16272390792434
2025-09-14 01:35:00+00:00,0.04478686,-99.99999999999999,-8.333333333333332,46.109192982456115,37.33726315789471,0.3716973478549999,13.534421255779339
2025-09-14 01:40:00+00:00,0.00216387,99.99999999999999,8.333333333333332,37.33726315789471,45.253929824561375,-0.018106001902499995,13.516315253876838
2025-09-14 01:45:00+00:00,0.04531365,-99.99999999999999,-8.333333333333332,45.253929824561375,36.48199999999997,0.3760693097624999,13.892384563639338
2025-09-14 01:50:00+00:00,0.0432339,-99.99999999999999,-8.333333333333332,36.48199999999997,27.710070175438567,0.35880894457499996,14.251193508214337
2025-09-14 01:55:00+00:00,-3.034e-05,99.99999999999999,8.333333333333332,27.710070175438567,35.62673684210523,0.00025386742166666666,14.251447375636003
2025-09-14 02:00:00+00:00,0.0395383599999999,-99.99999999999999,-8.333333333333332,35.62673684210523,26.854807017543827,0.3281387342299991,14.579586109866002
2025-09-14 02:05:00+00:00,0.0550748,-99.99999999999999,-8.333333333333332,26.854807017543827,18.082877192982423,0.45707953389999995,15.036665643766002
2025-09-14 02:10:00+00:00,-1.173e-05,99.99999999999999,8.333333333333332,18.082877192982423,25.999543859649087,9.814979749999997e-05,15.036763793563502
2025-09-14 02:15:00+00:00,0.0087541499999999,99.99999999999999,8.333333333333332,25.999543859649087,33.91621052631575,-0.07324962061249914,14.963514172951003
2025-09-14 02:20:00+00:00,0.01009857,99.99999999999999,8.333333333333332,33.91621052631575,41.832877192982416,-0.08449894292749999,14.879015230023503
2025-09-14 02:25:00+00:00,0.04188631,-99.99999999999999,-8.333333333333332,41.832877192982416,33.06094736842101,0.3476249582675,15.226640188291004
2025-09-14 02:30:00+00:00,0.03711859,-99.99999999999999,-8.333333333333332,33.06094736842101,24.289017543859607,0.3080564580574999,15.534696646348504
2025-09-14 02:35:00+00:00,-3.7e-06,99.99999999999999,8.333333333333332,24.289017543859607,32.20568421052627,3.095944166666666e-05,15.53472760579017
2025-09-14 02:40:00+00:00,-3.67e-06,99.99999999999999,8.333333333333332,32.20568421052627,40.122350877192936,3.070841916666666e-05,15.534758314209338
2025-09-14 02:45:00+00:00,0.03660481,-99.99999999999999,-8.333333333333332,40.122350877192936,31.350421052631532,0.3037924693925,15.838550783601837
2025-09-14 02:50:00+00:00,0.00229285,99.99999999999999,8.333333333333332,31.350421052631532,39.267087719298196,-0.01918523130416666,15.81936555229767
2025-09-14 02:55:00+00:00,0.03868872,-99.99999999999999,-8.333333333333332,39.267087719298196,30.495157894736792,0.32108735945999994,16.14045291175767
2025-09-14 03:00:00+00:00,0.03521287,0.0,0.0,30.495157894736792,30.495157894736792,0.0,16.14045291175767
2025-09-14 03:05:00+00:00,0.03847719,-99.99999999999999,-8.333333333333332,30.495157894736792,21.723228070175388,0.31933181910749997,16.45978473086517
2025-09-14 03:10:00+00:00,0.0345773,-19.999999999999996,-1.6666666666666663,21.723228070175388,19.968842105263107,0.05739313140499998,16.51717786227017
2025-09-14 03:15:00+00:00,0.03654801,-99.99999999999999,-8.333333333333332,19.968842105263107,11.196912280701705,0.3033210719924999,16.82049893426267
2025-09-14 03:20:00+00:00,0.0363494299999999,-99.99999999999999,-8.333333333333332,11.196912280701705,2.4249824561403024,0.3016730069274991,17.122171941190167
2025-09-14 03:25:00+00:00,0.03766554,-22.115839999999558,-1.8429866666666297,2.4249824561403024,0.48499649122806043,0.06913317212282624,17.191305113312993
2025-09-14 03:30:00+00:00,0.0031076299999999,99.99999999999999,8.333333333333332,0.48499649122806043,8.401663157894726,-0.02600283505583249,17.165302278257162
2025-09-14 03:35:00+00:00,0.03380299,-76.62316799999991,-6.385263999999992,8.401663157894726,1.6803326315789437,0.21495822538743972,17.380260503644603
2025-09-14 03:40:00+00:00,0.00408706,79.99999999999999,6.666666666666665,1.6803326315789437,8.013665964912274,-0.027358507169333326,17.35290199647527
2025-09-14 03:45:00+00:00,0.0042147899999999,19.999999999999996,1.6666666666666663,8.013665964912274,9.596999298245606,-0.00705338081849983,17.34584861565677
2025-09-14 03:50:00+00:00,0.0319744999999999,-99.99999999999999,-8.333333333333332,9.596999298245606,0.8250694736842039,0.2653643691249991,17.61121298478177
2025-09-14 03:55:00+00:00,0.00020274,99.99999999999999,8.333333333333332,0.8250694736842039,8.74173614035087,-0.0016964100549999998,17.60951657472677
2025-09-14 04:00:00+00:00,0.0,99.99999999999999,8.333333333333332,8.74173614035087,16.658402807017534,-0.0,17.60951657472677
2025-09-14 04:05:00+00:00,4.54e-06,99.99999999999999,8.333333333333332,16.658402807017534,24.5750694736842,-3.798807166666665e-05,17.6094785866551
2025-09-14 04:10:00+00:00,3.4750000000000004e-05,99.99999999999999,8.333333333333332,24.5750694736842,32.491736140350866,-0.00029076772916666665,17.609187818925935
2025-09-14 04:15:00+00:00,0.03883657,-99.99999999999999,-8.333333333333332,32.491736140350866,23.719806315789462,0.3223144035724999,17.931502222498434
2025-09-14 04:20:00+00:00,0.03882174,-99.99999999999999,-8.333333333333332,23.719806315789462,14.94787649122806,0.322191325695,18.253693548193432
2025-09-14 04:25:00+00:00,0.0,99.99999999999999,8.333333333333332,14.94787649122806,22.864543157894726,-0.0,18.253693548193432
2025-09-14 04:30:00+00:00,0.03943559,-99.99999999999999,-8.333333333333332,22.864543157894726,14.092613333333324,0.3272858203075,18.580979368500934
2025-09-14 04:35:00+00:00,0.0,99.99999999999999,8.333333333333332,14.092613333333324,22.00927999999999,-0.0,18.580979368500934
2025-09-14 04:40:00+00:00,-0.00033769,99.99999999999999,8.333333333333332,22.00927999999999,29.925946666666654,0.0028255929341666655,18.5838049614351
2025-09-14 04:45:00+00:00,0.03909962,-99.99999999999999,-8.333333333333332,29.925946666666654,21.15401684210525,0.324497521285,18.9083024827201
2025-09-14 04:50:00+00:00,0.0,99.99999999999999,8.333333333333332,21.15401684210525,29.070683508771914,-0.0,18.9083024827201
2025-09-14 04:55:00+00:00,0.0380026,-99.99999999999999,-8.333333333333332,29.070683508771914,20.29875368421051,0.31539307804999994,19.2236955607701
2025-09-14 05:00:00+00:00,0.0409973,-99.99999999999999,-8.333333333333332,20.29875368421051,11.526823859649108,0.34024684202499994,19.5639424027951
2025-09-14 05:05:00+00:00,-0.0005355,99.99999999999999,8.333333333333332,11.526823859649108,19.443490526315774,0.004480751624999999,19.5684231544201
2025-09-14 05:10:00+00:00,0.04037757,-99.99999999999999,-8.333333333333332,19.443490526315774,10.671560701754371,0.33510354782249996,19.903526702242598
2025-09-14 05:15:00+00:00,-0.00064957,99.99999999999999,8.333333333333332,10.671560701754371,18.588227368421038,0.005435222844166666,19.908961925086764
2025-09-14 05:20:00+00:00,0.04012545,-99.99999999999999,-8.333333333333332,18.588227368421038,9.816297543859635,0.33301114091249995,20.241973065999264
2025-09-14 05:25:00+00:00,9.146e-05,99.99999999999999,8.333333333333332,9.816297543859635,17.7329642105263,-0.0007652839283333331,20.24120778207093
2025-09-14 05:30:00+00:00,0.03804105,-79.99999999999999,-6.666666666666665,17.7329642105263,10.71542035087718,0.25256974736999993,20.49377752944093
2025-09-14 05:35:00+00:00,0.03810917,-99.99999999999999,-8.333333333333332,10.71542035087718,1.9434905263157773,0.3162775291224999,20.810055058563428
2025-09-14 05:40:00+00:00,-0.00066343,99.99999999999999,8.333333333333332,1.9434905263157773,9.860157192982442,0.005551195239166666,20.815606253802596
2025-09-14 05:45:00+00:00,0.03803783,-99.99999999999999,-8.333333333333332,9.860157192982442,1.0882273684210393,0.31568546062749997,21.131291714430095
2025-09-14 05:50:00+00:00,0.03808676,-9.924633599999877,-0.8270527999999897,1.0882273684210393,0.21764547368420795,0.03137092747638881,21.162662641906483
2025-09-14 05:55:00+00:00,0.0373422,-1.9849267199999765,-0.16541055999999804,0.21764547368420795,0.04352909473684158,0.006151531125298172,21.16881417303178
2025-09-14 06:00:00+00:00,6.124e-05,99.99999999999999,8.333333333333332,0.04352909473684158,7.960195761403507,-0.0005124205966666666,21.168301752435113
2025-09-14 06:05:00+00:00,0.03804406,-72.59698534399999,-6.0497487786666655,7.960195761403507,1.5920391522807007,0.22921566336794238,21.397517415803055
2025-09-14 06:10:00+00:00,0.03840449,-14.51939706879999,-1.2099497557333323,1.5920391522807007,0.3184078304561404,0.046277451206088435,21.443794867009142
2025-09-14 06:15:00+00:00,4.214e-05,99.99999999999999,8.333333333333332,0.3184078304561404,8.235074497122806,-0.00035260293833333327,21.44344226407081
2025-09-14 06:20:00+00:00,-0.0005373,99.99999999999999,8.333333333333332,8.235074497122806,16.15174116378947,0.004495812974999999,21.447938077045812
2025-09-14 06:25:00+00:00,-0.00055353,39.99999999999999,3.3333333333333326,16.15174116378947,19.318407830456135,0.0018526464589999994,21.44979072350481
2025-09-14 06:30:00+00:00,0.04004993,-99.99999999999999,-8.333333333333332,19.318407830456135,10.546478005894732,0.3323843815524999,21.782175105057313
2025-09-14 06:35:00+00:00,0.0,0.0,0.0,10.546478005894732,10.546478005894732,0.0,21.782175105057313
2025-09-14 06:40:00+00:00,0.04023864,-99.99999999999999,-8.333333333333332,10.546478005894732,1.77454818133333,0.33395053301999994,22.116125638077314
2025-09-14 06:45:00+00:00,-0.00077559,99.99999999999999,8.333333333333332,1.77454818133333,9.691214847999994,0.006489684692499999,22.122615322769814
2025-09-14 06:50:00+00:00,-0.0007792799999999,99.99999999999999,8.333333333333332,9.691214847999994,17.60788151466666,0.006520560459999161,22.129135883229814
2025-09-14 06:55:00+00:00,0.0,19.999999999999996,1.6666666666666663,17.60788151466666,19.19121484799999,-0.0,22.129135883229814
2025-09-14 07:00:00+00:00,-0.0007508,99.99999999999999,8.333333333333332,19.19121484799999,27.107881514666655,0.006282256433333333,22.135418139663148
2025-09-14 07:05:00+00:00,0.04069569,-99.99999999999999,-8.333333333333332,27.107881514666655,18.335951690105254,0.3377437052324999,22.47316184489565
2025-09-14 07:10:00+00:00,0.0,99.99999999999999,8.333333333333332,18.335951690105254,26.25261835677192,-0.0,22.47316184489565
2025-09-14 07:15:00+00:00,0.0,99.99999999999999,8.333333333333332,26.25261835677192,34.16928502343858,-0.0,22.47316184489565
2025-09-14 07:20:00+00:00,0.0400945299999999,-99.99999999999999,-8.333333333333332,34.16928502343858,25.39735519887718,0.3327545281024991,22.805916372998148
2025-09-14 07:25:00+00:00,0.0,99.99999999999999,8.333333333333332,25.39735519887718,33.31402186554384,-0.0,22.805916372998148
2025-09-14 07:30:00+00:00,-0.00083489,99.99999999999999,8.333333333333332,33.31402186554384,41.23068853221051,0.006985872500833332,22.812902245498982
2025-09-14 07:35:00+00:00,-0.00082955,99.99999999999999,8.333333333333332,41.23068853221051,49.14735519887717,0.006941190495833332,22.819843435994816
2025-09-14 07:40:00+00:00,0.03786544,-99.99999999999999,-8.333333333333332,49.14735519887717,40.37542537431577,0.31425475291999994,23.134098188914816
2025-09-14 07:45:00+00:00,0.03743356,-99.99999999999999,-8.333333333333332,40.37542537431577,31.603495549754363,0.31067047282999993,23.444768661744817
2025-09-14 07:50:00+00:00,0.0,99.99999999999999,8.333333333333332,31.603495549754363,39.52016221642103,-0.0,23.444768661744817
2025-09-14 07:55:00+00:00,0.03735038,-99.99999999999999,-8.333333333333332,39.52016221642103,30.748232391859624,0.30998014121499995,23.754748802959817
2025-09-14 08:00:00+00:00,-0.0008593699999999,99.99999999999999,8.333333333333332,30.748232391859624,38.66489905852629,0.0071907068608324945,23.76193950982065
2025-09-14 08:05:00+00:00,0.03827192,-99.99999999999999,-8.333333333333332,38.66489905852629,29.892969233964884,0.31762823205999996,24.07956774188065
2025-09-14 08:10:00+00:00,0.03777262,-99.99999999999999,-8.333333333333332,29.892969233964884,21.12103940940348,0.313484416535,24.39305215841565
2025-09-14 08:15:00+00:00,0.03618586,-99.99999999999999,-8.333333333333332,21.12103940940348,12.349109584842077,0.3003154986049999,24.693367657020648
2025-09-14 08:20:00+00:00,0.03595595,-99.99999999999999,-8.333333333333332,12.349109584842077,3.577179760280675,0.2984074180375,24.991775075058147
2025-09-14 08:25:00+00:00,0.03646819,-32.62387941375975,-2.7186566178133127,3.577179760280675,0.7154359520561351,0.09873898513509308,25.09051406019324
2025-09-14 08:30:00+00:00,0.0,99.99999999999999,8.333333333333332,0.7154359520561351,8.6321026187228,-0.0,25.09051406019324
2025-09-14 08:35:00+00:00,0.0,99.99999999999999,8.333333333333332,8.6321026187228,16.548769285389465,-0.0,25.09051406019324
2025-09-14 08:40:00+00:00,0.03560862,-99.99999999999999,-8.333333333333332,16.548769285389465,7.776839460828063,0.295524839535,25.386038899728238
2025-09-14 08:45:00+00:00,0.0,99.99999999999999,8.333333333333332,7.776839460828063,15.693506127494729,-0.0,25.386038899728238
2025-09-14 08:50:00+00:00,0.0,99.99999999999999,8.333333333333332,15.693506127494729,23.610172794161393,-0.0,25.386038899728238
2025-09-14 08:55:00+00:00,-0.00090324,99.99999999999999,8.333333333333332,23.610172794161393,31.526839460828057,0.007557785429999998,25.393596685158236
2025-09-14 09:00:00+00:00,0.0,79.99999999999999,6.666666666666665,31.526839460828057,37.860172794161386,-0.0,25.393596685158236
2025-09-14 09:05:00+00:00,0.03758944,-99.99999999999999,-8.333333333333332,37.860172794161386,29.088242969599982,0.31196415992,25.705560845078235
2025-09-14 09:10:00+00:00,0.0,99.99999999999999,8.333333333333332,29.088242969599982,37.004909636266646,-0.0,25.705560845078235
2025-09-14 09:15:00+00:00,0.0,99.99999999999999,8.333333333333332,37.004909636266646,44.92157630293331,-0.0,25.705560845078235
2025-09-14 09:20:00+00:00,0.0,99.99999999999999,8.333333333333332,44.92157630293331,52.838242969599975,-0.0,25.705560845078235
2025-09-14 09:25:00+00:00,0.03745669,-99.99999999999999,-8.333333333333332,52.838242969599975,44.06631314503857,0.31086243448249995,26.016423279560733
2025-09-14 09:30:00+00:00,0.03568864,-99.99999999999999,-8.333333333333332,44.06631314503857,35.294383320477166,0.29618894551999997,26.312612225080734
2025-09-14 09:35:00+00:00,0.0,99.99999999999999,8.333333333333332,35.294383320477166,43.21104998714383,-0.0,26.312612225080734
2025-09-14 09:40:00+00:00,0.0364597199999999,-99.99999999999999,-8.333333333333332,43.21104998714383,34.43912016258243,0.30258833120999906,26.615200556290734
2025-09-14 09:45:00+00:00,0.03572746,-99.99999999999999,-8.333333333333332,34.43912016258243,25.667190338021022,0.296511122405,26.911711678695735
2025-09-14 09:50:00+00:00,0.0,99.99999999999999,8.333333333333332,25.667190338021022,33.58385700468769,-0.0,26.911711678695735
2025-09-14 09:55:00+00:00,0.0373314499999999,-99.99999999999999,-8.333333333333332,33.58385700468769,24.811927180126283,0.30982303641249914,27.221534715108234
2025-09-14 10:00:00+00:00,-0.00092472,99.99999999999999,8.333333333333332,24.811927180126283,32.72859384679295,0.007737517539999998,27.229272232648235
2025-09-14 10:05:00+00:00,0.03608195,-99.99999999999999,-8.333333333333332,32.72859384679295,23.956664022231543,0.2994531235375,27.528725356185735
2025-09-14 10:10:00+00:00,0.03634225,-99.99999999999999,-8.333333333333332,23.956664022231543,15.18473419767014,0.30161341831249994,27.830338774498234
2025-09-14 10:15:00+00:00,0.03610237,-99.99999999999999,-8.333333333333332,15.18473419767014,6.412804373108738,0.2996225942225,28.129961368720735
2025-09-14 10:20:00+00:00,0.03671483,-58.48477588275169,-4.873731323562641,6.412804373108738,1.2825608746217476,0.1782063597027053,28.30816772842344
2025-09-14 10:25:00+00:00,-0.0009047199999999,99.99999999999999,8.333333333333332,1.2825608746217476,9.199227541288412,0.0075701692066658275,28.315737897630108
2025-09-14 10:30:00+00:00,-0.00088891,99.99999999999999,8.333333333333332,9.199227541288412,17.115894207955076,0.007437880349166666,28.323175777979273
2025-09-14 10:35:00+00:00,-0.00087524,99.99999999999999,8.333333333333332,17.115894207955076,25.03256087462174,0.007323497763333331,28.330499275742607
2025-09-14 10:40:00+00:00,0.03464114,-99.99999999999999,-8.333333333333332,25.03256087462174,16.26063105006034,0.28749548114499995,28.617994756887608
2025-09-14 10:45:00+00:00,0.03421112,-99.99999999999999,-8.333333333333332,16.26063105006034,7.488701225498938,0.2839266376599999,28.901921394547607
2025-09-14 10:50:00+00:00,0.03381213,-68.29695517655031,-5.691412931379192,7.488701225498938,1.4977402450997879,0.19165171925234367,29.093573113799952
2025-09-14 10:55:00+00:00,0.0,99.99999999999999,8.333333333333332,1.4977402450997879,9.414406911766452,-0.0,29.093573113799952
2025-09-14 11:00:00+00:00,0.0337083799999999,-99.99999999999999,-8.333333333333332,9.414406911766452,0.6424770872050498,0.2797542727149991,29.37332738651495
2025-09-14 11:05:00+00:00,0.0,99.99999999999999,8.333333333333332,0.6424770872050498,8.559143753871716,-0.0,29.37332738651495
2025-09-14 11:10:00+00:00,0.03509398,-78.05939103531004,-6.504949252942503,8.559143753871716,1.7118287507743437,0.22735087513753546,29.600678261652487
2025-09-14 11:15:00+00:00,0.0,99.99999999999999,8.333333333333332,1.7118287507743437,9.628495417441009,-0.0,29.600678261652487
2025-09-14 11:20:00+00:00,0.0346161699999999,-99.99999999999999,-8.333333333333332,9.628495417441009,0.8565655928796065,0.2872882488724991,29.887966510524986
2025-09-14 11:25:00+00:00,-0.00077402,99.99999999999999,8.333333333333332,0.8565655928796065,8.773232259546273,0.0064765478483333324,29.89444305837332
2025-09-14 11:30:00+00:00,-0.0007756499999999,99.99999999999999,8.333333333333332,8.773232259546273,16.689898926212937,0.006490186737499163,29.900933245110817
2025-09-14 11:35:00+00:00,0.03486959,-99.99999999999999,-8.333333333333332,16.689898926212937,7.917969101651535,0.28939144480749995,30.190324689918317
2025-09-14 11:40:00+00:00,0.03433635,-72.211878207062,-6.017656517255166,7.917969101651535,1.5835938203303064,0.20577926672239735,30.396103956640715
2025-09-14 11:45:00+00:00,-0.00076383,99.99999999999999,8.333333333333332,1.5835938203303064,9.500260486996972,0.006391283872499998,30.402495240513215
2025-09-14 11:50:00+00:00,-0.00076912,99.99999999999999,8.333333333333332,9.500260486996972,17.416927153663636,0.006435547506666665,30.40893078801988
2025-09-14 11:55:00+00:00,0.03408176,0.0,0.0,17.416927153663636,17.416927153663636,0.0,30.40893078801988
2025-09-14 12:00:00+00:00,0.03440751,-79.99999999999999,-6.666666666666665,17.416927153663636,10.399383294014514,0.22844522189399996,30.63737600991388
2025-09-14 12:05:00+00:00,0.0,99.99999999999999,8.333333333333332,10.399383294014514,18.31604996068118,-0.0,30.63737600991388
2025-09-14 12:10:00+00:00,0.0345846999999999,-79.99999999999999,-6.666666666666665,18.31604996068118,11.298506101032059,0.22962165717999927,30.86699766709388
2025-09-14 12:15:00+00:00,0.0350942999999999,-99.99999999999999,-8.333333333333332,11.298506101032059,2.5265762764706565,0.2912563692749991,31.15825403636888
2025-09-14 12:20:00+00:00,0.03500748,-23.042375641412384,-1.9201979701176985,2.5265762764706565,0.5053152552941316,0.06694635695051304,31.225200393319394
2025-09-14 12:25:00+00:00,0.03656,-4.60847512828248,-0.38403959402354,0.5053152552941316,0.10106305105882629,0.013983061963390445,31.239183455282785
2025-09-14 12:30:00+00:00,-0.00038377,99.99999999999999,8.333333333333332,0.10106305105882629,8.01772971772549,0.0032111634941666663,31.242394618776952
2025-09-14 12:35:00+00:00,0.03582105,-73.12169502565646,-6.093474585471371,8.01772971772549,1.6035459435450994,0.21738191444949767,31.45977653322645
2025-09-14 12:40:00+00:00,0.0,99.99999999999999,8.333333333333332,1.6035459435450994,9.520212610211765,-0.0,31.45977653322645
2025-09-14 12:45:00+00:00,0.03623518,-99.99999999999999,-8.333333333333332,9.520212610211765,0.7482827856503622,0.3007248176149999,31.760501350841448
2025-09-14 12:50:00+00:00,-0.00049507,99.99999999999999,8.333333333333332,0.7482827856503622,8.664949452317028,0.004142456969166665,31.764643807810614
2025-09-14 12:55:00+00:00,-0.0004962699999999,99.99999999999999,8.333333333333332,8.664949452317028,16.581616118983693,0.004152497869165829,31.768796305679782
2025-09-14 13:00:00+00:00,0.03745431,-99.99999999999999,-8.333333333333332,16.581616118983693,7.80968629442229,0.31084268226749995,32.079638987947284
2025-09-14 13:05:00+00:00,0.0,99.99999999999999,8.333333333333332,7.80968629442229,15.726352961088956,-0.0,32.079638987947284
2025-09-14 13:10:00+00:00,0.03782508,-99.99999999999999,-8.333333333333332,15.726352961088956,6.954423136527554,0.3139197951899999,32.39355878313729
2025-09-14 13:15:00+00:00,0.0,99.99999999999999,8.333333333333332,6.954423136527554,14.87108980319422,-0.0,32.39355878313729
2025-09-14 13:20:00+00:00,-0.0002385,99.99999999999999,8.333333333333332,14.87108980319422,22.787756469860884,0.0019956288749999997,32.39555441201229
2025-09-14 13:25:00+00:00,0.03785774,-99.99999999999999,-8.333333333333332,22.787756469860884,14.015826645299482,0.31419084869499997,32.70974526070729
2025-09-14 13:30:00+00:00,0.03762013,-99.99999999999999,-8.333333333333332,14.015826645299482,5.24389682073808,0.3122188639025,33.02196412460979
2025-09-14 13:35:00+00:00,0.0374160699999999,-47.824339005131286,-3.98536158376094,5.24389682073808,1.0487793641476157,0.14850668123021715,33.170470805840004
2025-09-14 13:40:00+00:00,0.0373547,-9.564867801026256,-0.797072316752188,1.0487793641476157,0.20975587282952302,0.02965261998574627,33.20012342582575
2025-09-14 13:45:00+00:00,0.03745797,-1.9129735602052498,-0.15941446335043746,0.20975587282952302,0.041951174565904636,0.005946919396207081,33.20607034522196
2025-09-14 13:50:00+00:00,0.0368681,-0.3825947120410503,-0.03188289267008752,0.041951174565904636,0.008390234913180923,0.001170654036998281,33.20724099925896
2025-09-14 13:55:00+00:00,2.9489999999999997e-05,99.99999999999999,8.333333333333332,0.008390234913180923,7.925056901579846,-0.0002467551174999999,33.206994244141455
2025-09-14 14:00:00+00:00,0.0005980499999999,99.99999999999999,8.333333333333332,7.925056901579846,15.841723568246511,-0.005004133537499162,33.20199011060396
2025-09-14 14:05:00+00:00,0.03922643,-99.99999999999999,-8.333333333333332,15.841723568246511,7.069793743685109,0.32554994917749996,33.52754005978146
2025-09-14 14:10:00+00:00,0.03893509,-64.47651894240819,-5.373043245200682,7.069793743685109,1.4139587487370227,0.20834429464346815,33.735884354424925
2025-09-14 14:15:00+00:00,0.00159235,99.99999999999999,8.333333333333332,1.4139587487370227,9.330625415403688,-0.013323855929166663,33.72256049849576
2025-09-14 14:20:00+00:00,0.03702817,-99.99999999999999,-8.333333333333332,9.330625415403688,0.5586955908422855,0.30730603987249994,34.02986653836826
2025-09-14 14:25:00+00:00,0.00088852,99.99999999999999,8.333333333333332,0.5586955908422855,8.475362257508952,-0.007434617056666665,34.02243192131159
2025-09-14 14:30:00+00:00,0.02521451,-77.29530378848163,-6.441275315706802,8.475362257508952,1.6950724515017912,0.1617493292331223,34.18418125054472
2025-09-14 14:35:00+00:00,0.00077974,99.99999999999999,8.333333333333332,1.6950724515017912,9.611739118168456,-0.006524409471666666,34.17765684107305
2025-09-14 14:40:00+00:00,0.01857563,-99.99999999999999,-8.333333333333332,9.611739118168456,0.839809293607054,0.1541637972775,34.33182063835055
2025-09-14 14:45:00+00:00,0.0063002399999999,0.0,0.0,0.839809293607054,0.839809293607054,0.0,34.33182063835055
2025-09-14 14:50:00+00:00,0.00875088,0.0,0.0,0.839809293607054,0.839809293607054,0.0,34.33182063835055
2025-09-14 14:55:00+00:00,0.00019975,99.99999999999999,8.333333333333332,0.839809293607054,8.756475960273718,-0.0016713914791666661,34.330149246871386
2025-09-14 15:00:00+00:00,0.01906249,-79.85906075769631,-6.654921729808025,8.756475960273718,1.7512951920547435,0.12634052406544394,34.45648977093683
2025-09-14 15:05:00+00:00,0.0139482199999999,-15.97181215153926,-1.3309843459616049,1.7512951920547435,0.35025903841094874,0.018488932186509665,34.474978703123334
2025-09-14 15:10:00+00:00,0.01313804,-3.1943624303078524,-0.266196869192321,0.35025903841094874,0.07005180768218977,0.0034830011374018077,34.47846170426074
2025-09-14 15:15:00+00:00,0.00029713,99.99999999999999,8.333333333333332,0.07005180768218977,7.986718474348855,-0.002486210514166666,34.475975493746574
2025-09-14 15:20:00+00:00,0.01832104,-72.83887248606156,-6.0699060405051295,7.986718474348855,1.597343694869771,0.11075215476965596,34.58672764851623
2025-09-14 15:25:00+00:00,0.00945669,0.0,0.0,1.597343694869771,1.597343694869771,0.0,34.58672764851623
2025-09-14 15:30:00+00:00,0.00484871,0.0,0.0,1.597343694869771,1.597343694869771,0.0,34.58672764851623
2025-09-14 15:35:00+00:00,0.00676961,0.0,0.0,1.597343694869771,1.597343694869771,0.0,34.58672764851623
2025-09-14 15:40:00+00:00,0.00899271,0.0,0.0,1.597343694869771,1.597343694869771,0.0,34.58672764851623
2025-09-14 15:45:00+00:00,0.01216141,-14.567774497212312,-1.213981208101026,1.597343694869771,0.3194687389739541,0.014703339576107487,34.60143098809234
2025-09-14 15:50:00+00:00,0.01119999,0.0,0.0,0.3194687389739541,0.3194687389739541,0.0,34.60143098809234
2025-09-14 15:55:00+00:00,0.0119984599999999,-2.9135548994424614,-0.2427962416202051,0.3194687389739541,0.06389374779479084,0.0029012660829680296,34.604332254175304
2025-09-14 16:00:00+00:00,0.00022373,99.99999999999999,8.333333333333332,0.06389374779479084,7.980560414461456,-0.0018720421308333329,34.60246021204447
2025-09-14 16:05:00+00:00,0.0002594,99.99999999999999,8.333333333333332,7.980560414461456,15.897227081128122,-0.002170507883333333,34.600289704161135
2025-09-14 16:10:00+00:00,0.02756659,-99.99999999999999,-8.333333333333332,15.897227081128122,7.12529725656672,0.22878202205749995,34.829071726218636
2025-09-14 16:15:00+00:00,0.0038713099999999,0.0,0.0,7.12529725656672,7.12529725656672,0.0,34.829071726218636
2025-09-14 16:20:00+00:00,0.01124588,-64.98271097988848,-5.415225914990707,7.12529725656672,1.425059451313344,0.060649903981351026,34.889721630199986
2025-09-14 16:25:00+00:00,0.0108411,-12.9965421959777,-1.0830451829981416,1.425059451313344,0.2850118902626688,0.01169337880276554,34.901415009002754
2025-09-14 16:30:00+00:00,8.162999999999999e-05,99.99999999999999,8.333333333333332,0.2850118902626688,8.201678556929334,-0.0006830322224999998,34.90073197678026
2025-09-14 16:35:00+00:00,7.819e-05,19.999999999999996,1.6666666666666663,8.201678556929334,9.785011890262666,-0.00013084966183333328,34.90060112711842
2025-09-14 16:40:00+00:00,7.196e-05,0.0,0.0,9.785011890262666,9.785011890262666,0.0,34.90060112711842
2025-09-14 16:45:00+00:00,0.00927798,-99.99999999999999,-8.333333333333332,9.785011890262666,1.0130820657012638,0.07700027551499998,34.97760140263342
2025-09-14 16:50:00+00:00,0.00854737,-9.239308439195526,-0.7699423699329604,1.0130820657012638,0.2026164131402528,0.0065540660968276074,34.98415546873024
2025-09-14 16:55:00+00:00,0.00510772,0.0,0.0,0.2026164131402528,0.2026164131402528,0.0,34.98415546873024
2025-09-14 17:00:00+00:00,0.008822,-1.8478616878391054,-0.1539884739865921,0.2026164131402528,0.04052328262805058,0.0013529301084711006,34.98550839883872
2025-09-14 17:05:00+00:00,0.00493952,0.0,0.0,0.04052328262805058,0.04052328262805058,0.0,34.98550839883872
2025-09-14 17:10:00+00:00,0.00013184,0.0,0.0,0.04052328262805058,0.04052328262805058,0.0,34.98550839883872
2025-09-14 17:15:00+00:00,0.00537166,-0.36957233756782126,-0.030797694797318437,0.04052328262805058,0.008104656525610113,0.00016475811712695254,34.98567315695585
2025-09-14 17:20:00+00:00,9.46e-05,0.0,0.0,0.008104656525610113,0.008104656525610113,0.0,34.98567315695585
2025-09-14 17:25:00+00:00,0.0049404199999999,0.0,0.0,0.008104656525610113,0.008104656525610113,0.0,34.98567315695585
2025-09-14 17:30:00+00:00,6.381e-05,0.0,0.0,0.008104656525610113,0.008104656525610113,0.0,34.98567315695585
2025-09-14 17:35:00+00:00,0.00501273,-0.07391446751356423,-0.006159538959463686,0.008104656525610113,0.0016209313051220222,3.0749822455843766e-05,34.985703906778305
2025-09-14 17:40:00+00:00,5.82e-05,0.0,0.0,0.0016209313051220222,0.0016209313051220222,0.0,34.985703906778305
2025-09-14 17:45:00+00:00,0.00178573,0.0,0.0,0.0016209313051220222,0.0016209313051220222,0.0,34.985703906778305
2025-09-14 17:50:00+00:00,0.00426171,0.0,0.0,0.0016209313051220222,0.0016209313051220222,0.0,34.985703906778305
2025-09-14 17:55:00+00:00,0.00150811,0.0,0.0,0.0016209313051220222,0.0016209313051220222,0.0,34.985703906778305
2025-09-14 18:00:00+00:00,0.00446504,0.0,0.0,0.0016209313051220222,0.0016209313051220222,0.0,34.985703906778305
2025-09-14 18:05:00+00:00,9.49e-06,0.0,0.0,0.0016209313051220222,0.0016209313051220222,0.0,34.985703906778305
2025-09-14 18:10:00+00:00,0.00452744,0.0,0.0,0.0016209313051220222,0.0016209313051220222,0.0,34.985703906778305
2025-09-14 18:15:00+00:00,0.0040801299999999,0.0,0.0,0.0016209313051220222,0.0016209313051220222,0.0,34.985703906778305
2025-09-14 18:20:00+00:00,3.53e-06,0.0,0.0,0.0016209313051220222,0.0016209313051220222,0.0,34.985703906778305
2025-09-14 18:25:00+00:00,8.26e-06,0.0,0.0,0.0016209313051220222,0.0016209313051220222,0.0,34.985703906778305
2025-09-14 18:30:00+00:00,0.00279864,0.0,0.0,0.0016209313051220222,0.0016209313051220222,0.0,34.985703906778305
2025-09-14 18:35:00+00:00,0.00174968,0.0,0.0,0.0016209313051220222,0.0016209313051220222,0.0,34.985703906778305
2025-09-14 18:40:00+00:00,0.00836403,-0.014782893502712844,-0.001231907791892737,0.0016209313051220222,0.0003241862610244043,1.0261571539474533e-05,34.985714168349844
2025-09-14 18:45:00+00:00,2.355e-05,0.0,0.0,0.0003241862610244043,0.0003241862610244043,0.0,34.985714168349844
2025-09-14 18:50:00+00:00,0.0049270899999999,0.0,0.0,0.0003241862610244043,0.0003241862610244043,0.0,34.985714168349844
2025-09-14 18:55:00+00:00,0.00277779,0.0,0.0,0.0003241862610244043,0.0003241862610244043,0.0,34.985714168349844
2025-09-14 19:00:00+00:00,0.00319423,0.0,0.0,0.0003241862610244043,0.0003241862610244043,0.0,34.985714168349844
2025-09-14 19:05:00+00:00,0.00531881,0.0,0.0,0.0003241862610244043,0.0003241862610244043,0.0,34.985714168349844
2025-09-14 19:10:00+00:00,0.00327305,0.0,0.0,0.0003241862610244043,0.0003241862610244043,0.0,34.985714168349844
2025-09-14 19:15:00+00:00,0.00292251,0.0,0.0,0.0003241862610244043,0.0003241862610244043,0.0,34.985714168349844
2025-09-14 19:20:00+00:00,0.00515988,0.0,0.0,0.0003241862610244043,0.0003241862610244043,0.0,34.985714168349844
2025-09-14 19:25:00+00:00,0.00512416,0.0,0.0,0.0003241862610244043,0.0003241862610244043,0.0,34.985714168349844
2025-09-14 19:30:00+00:00,4.704e-05,0.0,0.0,0.0003241862610244043,0.0003241862610244043,0.0,34.985714168349844
2025-09-14 19:35:00+00:00,0.00298814,0.0,0.0,0.0003241862610244043,0.0003241862610244043,0.0,34.985714168349844
2025-09-14 19:40:00+00:00,0.00872509,-0.002956578700542567,-0.00024638155837854723,0.0003241862610244043,6.483725220488088e-05,2.140908992993899e-06,34.985716309258834
2025-09-14 19:45:00+00:00,0.0067569,0.0,0.0,6.483725220488088e-05,6.483725220488088e-05,0.0,34.985716309258834
2025-09-14 19:50:00+00:00,1.239e-05,0.0,0.0,6.483725220488088e-05,6.483725220488088e-05,0.0,34.985716309258834
2025-09-14 19:55:00+00:00,8.897e-05,0.0,0.0,6.483725220488088e-05,6.483725220488088e-05,0.0,34.985716309258834
2025-09-14 20:00:00+00:00,-2.2e-05,0.0,0.0,6.483725220488088e-05,6.483725220488088e-05,0.0,34.985716309258834
2025-09-14 20:05:00+00:00,-0.00184943,99.99999999999999,8.333333333333332,6.483725220488088e-05,7.91673150391887,0.01547495140583333,35.00119126066467
2025-09-14 20:10:00+00:00,0.00183845,0.0,0.0,7.91673150391887,7.91673150391887,0.0,35.00119126066467
2025-09-14 20:15:00+00:00,0.00441717,0.0,0.0,7.91673150391887,7.91673150391887,0.0,35.00119126066467
2025-09-14 20:20:00+00:00,0.00479119,0.0,0.0,7.91673150391887,7.91673150391887,0.0,35.00119126066467
2025-09-14 20:25:00+00:00,0.00538884,0.0,0.0,7.91673150391887,7.91673150391887,0.0,35.00119126066467
2025-09-14 20:30:00+00:00,0.00840076,-72.2005913157401,-6.016715942978341,7.91673150391887,1.5833463007837736,0.05033825762983793,35.05152951829451
2025-09-14 20:35:00+00:00,0.00233394,0.0,0.0,1.5833463007837736,1.5833463007837736,0.0,35.05152951829451
2025-09-14 20:40:00+00:00,0.0073579499999999,-14.440118263148017,-1.203343188595668,1.5833463007837736,0.31666926015675445,0.008817925585957957,35.06034744388047
2025-09-14 20:45:00+00:00,0.00564875,0.0,0.0,0.31666926015675445,0.31666926015675445,0.0,35.06034744388047
2025-09-14 20:50:00+00:00,0.0003105,0.0,0.0,0.31666926015675445,0.31666926015675445,0.0,35.06034744388047
2025-09-14 20:55:00+00:00,0.00037713,0.0,0.0,0.31666926015675445,0.31666926015675445,0.0,35.06034744388047
2025-09-14 21:00:00+00:00,0.0048267499999999,0.0,0.0,0.31666926015675445,0.31666926015675445,0.0,35.06034744388047
2025-09-14 21:05:00+00:00,0.00150672,0.0,0.0,0.31666926015675445,0.31666926015675445,0.0,35.06034744388047
2025-09-14 21:10:00+00:00,0.0060158,0.0,0.0,0.31666926015675445,0.31666926015675445,0.0,35.06034744388047
2025-09-14 21:15:00+00:00,-0.00016525,99.99999999999999,8.333333333333332,0.31666926015675445,8.23333592682342,0.0013827156041666664,35.06173015948463
2025-09-14 21:20:00+00:00,-0.0069939999999999,99.99999999999999,8.333333333333332,8.23333592682342,16.150002593490086,0.05852171216666581,35.1202518716513
2025-09-14 21:25:00+00:00,0.00015266,0.0,0.0,16.150002593490086,16.150002593490086,0.0,35.1202518716513
2025-09-14 21:30:00+00:00,0.00385555,0.0,0.0,16.150002593490086,16.150002593490086,0.0,35.1202518716513
2025-09-14 21:35:00+00:00,0.00877149,-59.999999999999986,-4.999999999999998,16.150002593490086,10.886844698753245,0.043678073029499984,35.163929944680795
2025-09-14 21:40:00+00:00,0.03624201,-99.99999999999999,-8.333333333333332,10.886844698753245,2.114914874191843,0.30078150149249994,35.4647114461733
2025-09-14 21:45:00+00:00,0.00255329,0.0,0.0,2.114914874191843,2.114914874191843,0.0,35.4647114461733
2025-09-14 21:50:00+00:00,-0.00826259,99.99999999999999,8.333333333333332,2.114914874191843,10.031581540858507,0.06913653327583331,35.53384797944913
2025-09-14 21:55:00+00:00,-0.02697719,99.99999999999999,8.333333333333332,10.031581540858507,17.94824820752517,0.2257293892258333,35.75957736867496
2025-09-14 22:00:00+00:00,0.00018095,19.999999999999996,1.6666666666666663,17.94824820752517,19.531581540858504,-0.0003028168091666666,35.75927455186579
2025-09-14 22:05:00+00:00,0.0093169799999999,-99.99999999999999,-8.333333333333332,19.531581540858504,10.759651716297101,0.07732394626499915,35.83659849813079
2025-09-14 22:10:00+00:00,0.0036331799999999,0.0,0.0,10.759651716297101,10.759651716297101,0.0,35.83659849813079
2025-09-14 22:15:00+00:00,0.00460162,0.0,0.0,10.759651716297101,10.759651716297101,0.0,35.83659849813079
2025-09-14 22:20:00+00:00,0.00467395,0.0,0.0,10.759651716297101,10.759651716297101,0.0,35.83659849813079
2025-09-14 22:25:00+00:00,0.0047103599999999,0.0,0.0,10.759651716297101,10.759651716297101,0.0,35.83659849813079
2025-09-14 22:30:00+00:00,0.00699828,0.0,0.0,10.759651716297101,10.759651716297101,0.0,35.83659849813079
2025-09-14 22:35:00+00:00,0.0002171099999999,0.0,0.0,10.759651716297101,10.759651716297101,0.0,35.83659849813079
2025-09-14 22:40:00+00:00,0.03771145,-99.99999999999999,-8.333333333333332,10.759651716297101,1.9877218917356991,0.3129767514124999,36.14957524954329
2025-09-14 22:45:00+00:00,0.00414267,0.0,0.0,1.9877218917356991,1.9877218917356991,0.0,36.14957524954329
2025-09-14 22:50:00+00:00,0.00106342,0.0,0.0,1.9877218917356991,1.9877218917356991,0.0,36.14957524954329
2025-09-14 22:55:00+00:00,-0.00019862,99.99999999999999,8.333333333333332,1.9877218917356991,9.904388558402363,0.0016619362983333328,36.15123718584162
2025-09-14 23:00:00+00:00,0.00375335,0.0,0.0,9.904388558402363,9.904388558402363,0.0,36.15123718584162
2025-09-14 23:05:00+00:00,0.00490334,0.0,0.0,9.904388558402363,9.904388558402363,0.0,36.15123718584162
2025-09-14 23:10:00+00:00,1.138e-05,99.99999999999999,8.333333333333332,9.904388558402363,17.821055225069028,-9.522120166666664e-05,36.151141964639955
2025-09-14 23:15:00+00:00,0.00227294,19.999999999999996,1.6666666666666663,17.821055225069028,19.40438855840236,-0.0038037272076666662,36.14733823743229
2025-09-14 23:20:00+00:00,1.9e-07,99.99999999999999,8.333333333333332,19.40438855840236,27.321055225069024,-1.5898091666666664e-06,36.14733664762312
2025-09-14 23:25:00+00:00,0.00403041,19.999999999999996,1.6666666666666663,27.321055225069024,28.904388558402356,-0.006744823961499998,36.14059182366162
2025-09-14 23:30:00+00:00,0.00539696,19.999999999999996,1.6666666666666663,28.904388558402356,30.48772189173569,-0.009031722610666664,36.13156010105096
2025-09-14 23:35:00+00:00,0.00913434,0.0,0.0,30.48772189173569,30.48772189173569,0.0,36.13156010105096
2025-09-14 23:40:00+00:00,0.01871539,-99.99999999999999,-8.333333333333332,30.48772189173569,21.715792067174284,0.15532370045749996,36.28688380150846
2025-09-14 23:45:00+00:00,0.0242886899999999,-99.99999999999999,-8.333333333333332,21.715792067174284,12.943862242612882,0.20157791048249912,36.48846171199096
2025-09-14 23:50:00+00:00,0.02369614,-99.99999999999999,-8.333333333333332,12.943862242612882,4.17193241805148,0.19666018989499998,36.68512190188596
2025-09-14 23:55:00+00:00,-6.573e-05,99.99999999999999,8.333333333333332,4.17193241805148,12.088599084718144,0.0005499902974999998,36.68567189218346
2025-09-15 00:00:00+00:00,0.0,99.99999999999999,8.333333333333332,12.088599084718144,20.00526575138481,-0.0,36.68567189218346
2025-09-15 00:05:00+00:00,0.0,99.99999999999999,8.333333333333332,20.00526575138481,27.921932418051473,-0.0,36.68567189218346
2025-09-15 00:10:00+00:00,0.018585,-99.99999999999999,-8.333333333333332,27.921932418051473,19.150002593490072,0.15424156125,36.839913453433454
2025-09-15 00:15:00+00:00,0.0191988,-99.99999999999999,-8.333333333333332,19.150002593490072,10.37807276892867,0.15933564089999996,36.99924909433345
2025-09-15 00:20:00+00:00,0.02405,-99.99999999999999,-8.333333333333332,10.37807276892867,1.6061429443672672,0.19959696249999995,37.19884605683345
2025-09-15 00:25:00+00:00,0.0,99.99999999999999,8.333333333333332,1.6061429443672672,9.522809611033932,-0.0,37.19884605683345
2025-09-15 00:30:00+00:00,0.0,99.99999999999999,8.333333333333332,9.522809611033932,17.439476277700596,-0.0,37.19884605683345
2025-09-15 00:35:00+00:00,0.04096346,-99.99999999999999,-8.333333333333332,17.439476277700596,8.667546453139193,0.33996599540499994,37.538812052238455
2025-09-15 00:40:00+00:00,0.0,99.99999999999999,8.333333333333332,8.667546453139193,16.58421311980586,-0.0,37.538812052238455
2025-09-15 00:45:00+00:00,0.0518943,-99.99999999999999,-8.333333333333332,16.58421311980586,7.812283295244457,0.4306837692749999,37.969495821513455
2025-09-15 00:50:00+00:00,-0.00074311,99.99999999999999,8.333333333333332,7.812283295244457,15.728949961911123,0.006217910999166665,37.975713732512624
2025-09-15 00:55:00+00:00,0.06242847,-99.99999999999999,-8.333333333333332,15.728949961911123,6.957020137349721,0.5181094796474999,38.49382321216012
2025-09-15 01:00:00+00:00,0.0,99.99999999999999,8.333333333333332,6.957020137349721,14.873686804016387,-0.0,38.49382321216012
2025-09-15 01:05:00+00:00,-0.00065337,99.99999999999999,8.333333333333332,14.873686804016387,22.79035347068305,0.005467019027499999,38.49929023118762
2025-09-15 01:10:00+00:00,0.04622908,-19.999999999999996,-1.6666666666666663,22.79035347068305,21.03596750577077,0.07673333843799998,38.57602356962562
2025-09-15 01:15:00+00:00,0.04705636,-19.999999999999996,-1.6666666666666663,21.03596750577077,19.28158154085849,0.07810649914599997,38.65413006877162
2025-09-15 01:20:00+00:00,0.0,99.99999999999999,8.333333333333332,19.28158154085849,27.198248207525154,-0.0,38.65413006877162
2025-09-15 01:25:00+00:00,0.0,99.99999999999999,8.333333333333332,27.198248207525154,35.11491487419182,-0.0,38.65413006877162
2025-09-15 01:30:00+00:00,0.05091961,-99.99999999999999,-8.333333333333332,35.11491487419182,26.342985049630414,0.42259457329249994,39.07672464206412
2025-09-15 01:35:00+00:00,0.05131982,-99.99999999999999,-8.333333333333332,26.342985049630414,17.57105522506901,0.4259160161349999,39.50264065819912
2025-09-15 01:40:00+00:00,0.05209066,-99.99999999999999,-8.333333333333332,17.57105522506901,8.799125400507608,0.4323134100049999,39.93495406820412
2025-09-15 01:45:00+00:00,0.05218187,-79.99999999999999,-6.666666666666665,8.799125400507608,1.781581540858486,0.3464563076779999,40.28141037588212
2025-09-15 01:50:00+00:00,0.0520971,-16.248023652629392,-1.3540019710524493,1.781581540858486,0.3563163081716971,0.07025106921992434,40.35166144510204
2025-09-15 01:55:00+00:00,0.0,99.99999999999999,8.333333333333332,0.3563163081716971,8.272982974838362,-0.0,40.35166144510204
2025-09-15 02:00:00+00:00,0.0,99.99999999999999,8.333333333333332,8.272982974838362,16.189649641505028,-0.0,40.35166144510204
2025-09-15 02:05:00+00:00,0.04322316,-99.99999999999999,-8.333333333333332,16.189649641505028,7.417719816943626,0.3587198106299999,40.71038125573204
2025-09-15 02:10:00+00:00,-0.00017101,99.99999999999999,8.333333333333332,7.417719816943626,15.334386483610292,0.0014309119241666664,40.711812167656205
2025-09-15 02:15:00+00:00,0.04261193,-99.99999999999999,-8.333333333333332,15.334386483610292,6.562456659048889,0.3536470600524999,41.06545922770871
2025-09-15 02:20:00+00:00,0.0420122,-59.84960473052588,-4.987467060877156,6.562456659048889,1.3124913318097775,0.20867746769863438,41.27413669540734
2025-09-15 02:25:00+00:00,0.0,99.99999999999999,8.333333333333332,1.3124913318097775,9.229157998476442,-0.0,41.27413669540734
2025-09-15 02:30:00+00:00,0.0,99.99999999999999,8.333333333333332,9.229157998476442,17.145824665143106,-0.0,41.27413669540734
2025-09-15 02:35:00+00:00,-0.00014155,99.99999999999999,8.333333333333332,17.145824665143106,25.06249133180977,0.0011844078291666663,41.27532110323651
2025-09-15 02:40:00+00:00,0.04151203,-99.99999999999999,-8.333333333333332,25.06249133180977,16.29056150724837,0.3445187149775,41.619839818214004
2025-09-15 02:45:00+00:00,-0.00016247,99.99999999999999,8.333333333333332,16.29056150724837,24.207228173915034,0.001359454185833333,41.621199272399835
2025-09-15 02:50:00+00:00,-0.00016264,99.99999999999999,8.333333333333332,24.207228173915034,32.1238948405817,0.0013608766466666664,41.6225601490465
2025-09-15 02:55:00+00:00,0.04153878,-99.99999999999999,-8.333333333333332,32.1238948405817,23.351965016020294,0.3447407199149999,41.9673008689615
2025-09-15 03:00:00+00:00,0.0,99.99999999999999,8.333333333333332,23.351965016020294,31.26863168268696,-0.0,41.9673008689615
2025-09-15 03:05:00+00:00,-0.0001607899999999,79.99999999999999,6.666666666666665,31.26863168268696,37.60196501602029,0.0010763175406659968,41.96837718650217
2025-09-15 03:10:00+00:00,-0.00016008,19.999999999999996,1.6666666666666663,37.60196501602029,39.18529834935362,0.0002678912119999999,41.968645077714164
2025-09-15 03:15:00+00:00,0.04184538,-99.99999999999999,-8.333333333333332,39.18529834935362,30.41336852479222,0.3472852699649999,42.31593034767916
2025-09-15 03:20:00+00:00,0.04157719,-99.99999999999999,-8.333333333333332,30.41336852479222,21.641438700230815,0.3450594941075,42.660989841786666
2025-09-15 03:25:00+00:00,0.04141425,-99.99999999999999,-8.333333333333332,21.641438700230815,12.869508875669412,0.34370721431249995,43.00469705609917
2025-09-15 03:30:00+00:00,0.04127541,-99.99999999999999,-8.333333333333332,12.869508875669412,4.09757905110801,0.34255494644249995,43.347252002541666
2025-09-15 03:35:00+00:00,0.0,99.99999999999999,8.333333333333332,4.09757905110801,12.014245717774674,-0.0,43.347252002541666
2025-09-15 03:40:00+00:00,0.0,99.99999999999999,8.333333333333332,12.014245717774674,19.93091238444134,-0.0,43.347252002541666
2025-09-15 03:45:00+00:00,0.0,99.99999999999999,8.333333333333332,19.93091238444134,27.847579051108003,-0.0,43.347252002541666
2025-09-15 03:50:00+00:00,0.04040965,-99.99999999999999,-8.333333333333332,27.847579051108003,19.075649226546602,0.3353697877624999,43.68262179030417
2025-09-15 03:55:00+00:00,1.171e-05,99.99999999999999,8.333333333333332,19.075649226546602,26.992315893213267,-9.798244916666664e-05,43.682523807855
2025-09-15 04:00:00+00:00,0.0,99.99999999999999,8.333333333333332,26.992315893213267,34.90898255987993,-0.0,43.682523807855
2025-09-15 04:05:00+00:00,0.0,59.999999999999986,4.999999999999998,34.90898255987993,39.65898255987993,-0.0,43.682523807855
2025-09-15 04:10:00+00:00,0.00037161,0.0,0.0,39.65898255987993,39.65898255987993,0.0,43.682523807855
2025-09-15 04:15:00+00:00,0.0396686,-99.99999999999999,-8.333333333333332,39.65898255987993,30.887052735318527,0.3292196285499999,44.011743436405
2025-09-15 04:20:00+00:00,0.0386103999999999,-99.99999999999999,-8.333333333333332,30.887052735318527,22.115122910757123,0.32043736219999913,44.332180798604995
2025-09-15 04:25:00+00:00,0.0,0.0,0.0,22.115122910757123,22.115122910757123,0.0,44.332180798604995
2025-09-15 04:30:00+00:00,0.03831089,-99.99999999999999,-8.333333333333332,22.115122910757123,13.34319308619572,0.31795165383249996,44.6501324524375
2025-09-15 04:35:00+00:00,-0.00047473,59.999999999999986,4.999999999999998,13.34319308619572,18.09319308619572,0.002383358228499999,44.652515810665996
2025-09-15 04:40:00+00:00,0.03828443,-99.99999999999999,-8.333333333333332,18.09319308619572,9.321263261634316,0.31773205567749996,44.9702478663435
2025-09-15 04:45:00+00:00,-0.00062959,99.99999999999999,8.333333333333332,9.321263261634316,17.237929928300982,0.005268041859166665,44.97551590820267
2025-09-15 04:50:00+00:00,0.0,99.99999999999999,8.333333333333332,17.237929928300982,25.154596594967646,-0.0,44.97551590820267
2025-09-15 04:55:00+00:00,0.03844879,-99.99999999999999,-8.333333333333332,25.154596594967646,16.382666770406246,0.3190961204074999,45.29461202861017
2025-09-15 05:00:00+00:00,-0.00056501,99.99999999999999,8.333333333333332,16.382666770406246,24.29933343707291,0.0047276740908333325,45.299339702701
2025-09-15 05:05:00+00:00,0.0,99.99999999999999,8.333333333333332,24.29933343707291,32.216000103739574,-0.0,45.299339702701
2025-09-15 05:10:00+00:00,0.04135986,-99.99999999999999,-8.333333333333332,32.216000103739574,23.44407027917817,0.34325581810499994,45.642595520806
2025-09-15 05:15:00+00:00,-0.00059938,99.99999999999999,8.333333333333332,23.44407027917817,31.360736945844835,0.0050152622016666655,45.647610783007664
2025-09-15 05:20:00+00:00,0.0,99.99999999999999,8.333333333333332,31.360736945844835,39.2774036125115,-0.0,45.647610783007664
2025-09-15 05:25:00+00:00,0.04101855,-99.99999999999999,-8.333333333333332,39.2774036125115,30.505473787950095,0.34042320108749996,45.98803398409517
2025-09-15 05:30:00+00:00,-0.00070087,99.99999999999999,8.333333333333332,30.505473787950095,38.42214045461676,0.005864471319166666,45.99389845541433
2025-09-15 05:35:00+00:00,0.03998821,-99.99999999999999,-8.333333333333332,38.42214045461676,29.650210630055355,0.33187215184249996,46.32577060725683
2025-09-15 05:40:00+00:00,0.04022702,-99.99999999999999,-8.333333333333332,29.650210630055355,20.87828080549395,0.33385409573499997,46.65962470299183
2025-09-15 05:45:00+00:00,0.03982644,-99.99999999999999,-8.333333333333332,20.87828080549395,12.106350980932548,0.33052958216999995,46.99015428516183
2025-09-15 05:50:00+00:00,0.03937723,-99.99999999999999,-8.333333333333332,12.106350980932548,3.334421156371146,0.32680147607749993,47.31695576123933
2025-09-15 05:55:00+00:00,-0.0007953799999999,99.99999999999999,8.333333333333332,3.334421156371146,11.25108782303781,0.006655275868332495,47.32361103710766
2025-09-15 06:00:00+00:00,0.0,99.99999999999999,8.333333333333332,11.25108782303781,19.167754489704475,-0.0,47.32361103710766
2025-09-15 06:05:00+00:00,0.04031323,-99.99999999999999,-8.333333333333332,19.167754489704475,10.395824665143072,0.33456957407749993,47.65818061118516
2025-09-15 06:10:00+00:00,0.03837339,-99.99999999999999,-8.333333333333332,10.395824665143072,1.62389484058167,0.3184703569574999,47.97665096814266
2025-09-15 06:15:00+00:00,0.03773702,-14.80992094610483,-1.234160078842069,1.62389484058167,0.3247789681163342,0.04638303786702882,48.02303400600969
2025-09-15 06:20:00+00:00,0.0,99.99999999999999,8.333333333333332,0.3247789681163342,8.241445634783,-0.0,48.02303400600969
2025-09-15 06:25:00+00:00,0.03730167,0.0,0.0,8.241445634783,8.241445634783,0.0,48.02303400600969
2025-09-15 06:30:00+00:00,0.0370059499999999,0.0,0.0,8.241445634783,8.241445634783,0.0,48.02303400600969
2025-09-15 06:35:00+00:00,0.0377766499999999,-75.16198418922096,-6.263498682435079,8.241445634783,1.6482891269566,0.2356462462520281,48.25868025226172
2025-09-15 06:40:00+00:00,0.0374431999999999,-15.032396837844193,-1.252699736487016,1.6482891269566,0.3296578253913198,0.046713244968327995,48.30539349723005
2025-09-15 06:45:00+00:00,0.03598583,-3.0064793675688373,-0.2505399472974031,0.3296578253913198,0.06593156507826392,0.008979012969931047,48.31437251019998
2025-09-15 06:50:00+00:00,0.03702627,-0.6012958735137669,-0.05010798945948057,0.06593156507826392,0.01318631301565279,0.0018477237210211266,48.316220233921
2025-09-15 06:55:00+00:00,-0.0010395,99.99999999999999,8.333333333333332,0.01318631301565279,7.929852979682318,0.008697929625,48.324918163546
2025-09-15 07:00:00+00:00,0.0,99.99999999999999,8.333333333333332,7.929852979682318,15.846519646348984,-0.0,48.324918163546
2025-09-15 07:05:00+00:00,0.0,99.99999999999999,8.333333333333332,15.846519646348984,23.763186313015648,-0.0,48.324918163546
2025-09-15 07:10:00+00:00,0.0,99.99999999999999,8.333333333333332,23.763186313015648,31.679852979682313,-0.0,48.324918163546
2025-09-15 07:15:00+00:00,0.0,99.99999999999999,8.333333333333332,31.679852979682313,39.59651964634898,-0.0,48.324918163546
2025-09-15 07:20:00+00:00,0.03846791,-99.99999999999999,-8.333333333333332,39.59651964634898,30.824589821787576,0.31925480206749995,48.6441729656135
2025-09-15 07:25:00+00:00,0.0,99.99999999999999,8.333333333333332,30.824589821787576,38.74125648845424,-0.0,48.6441729656135
2025-09-15 07:30:00+00:00,0.0,99.99999999999999,8.333333333333332,38.74125648845424,46.657923155120905,-0.0,48.6441729656135
2025-09-15 07:35:00+00:00,0.0378141,-99.99999999999999,-8.333333333333332,46.657923155120905,37.8859933305595,0.313828669425,48.9580016350385
2025-09-15 07:40:00+00:00,0.0375470699999999,-99.99999999999999,-8.333333333333332,37.8859933305595,29.114063505998097,0.31161252069749906,49.269614155736
2025-09-15 07:45:00+00:00,-0.00062861,99.99999999999999,8.333333333333332,29.114063505998097,37.03073017266476,0.005259841790833332,49.27487399752683
2025-09-15 07:50:00+00:00,0.0,99.99999999999999,8.333333333333332,37.03073017266476,44.947396839331425,-0.0,49.27487399752683
2025-09-15 07:55:00+00:00,0.03622338,-39.99999999999999,-3.3333333333333326,44.947396839331425,41.43862490950686,0.12025075458599996,49.395124752112835
2025-09-15 08:00:00+00:00,0.03843428,-99.99999999999999,-8.333333333333332,41.43862490950686,32.66669508494546,0.31897569828999994,49.71410045040283
2025-09-15 08:05:00+00:00,0.03729084,-99.99999999999999,-8.333333333333332,32.66669508494546,23.894765260384055,0.3094860038699999,50.02358645427283
2025-09-15 08:10:00+00:00,0.03704387,-99.99999999999999,-8.333333333333332,23.894765260384055,15.122835435822653,0.30743633809749993,50.331022792370334
2025-09-15 08:15:00+00:00,0.0371301,-99.99999999999999,-8.333333333333332,15.122835435822653,6.3509056112612505,0.30815198242499997,50.639174774795336
2025-09-15 08:20:00+00:00,0.03578989,-57.92025917470261,-4.82668826455855,6.3509056112612505,1.27018112225225,0.17204010828684527,50.81121488308218
2025-09-15 08:25:00+00:00,0.03558252,-11.58405183494052,-0.96533765291171,1.27018112225225,0.25403622445044993,0.034208658332947305,50.84542354141513
2025-09-15 08:30:00+00:00,0.03635123,-2.3168103669881033,-0.19306753058234194,0.25403622445044993,0.050807244890089975,0.006989537599092947,50.85241307901422
2025-09-15 08:35:00+00:00,-0.0005987599999999,99.99999999999999,8.333333333333332,0.050807244890089975,7.967473911556755,0.005010074403332495,50.85742315341755
2025-09-15 08:40:00+00:00,1.562e-05,99.99999999999999,8.333333333333332,7.967473911556755,15.88414057822342,-0.0001306990483333333,50.857292454369215
2025-09-15 08:45:00+00:00,0.03524729,-99.99999999999999,-8.333333333333332,15.88414057822342,7.112210753662017,0.29252607153249993,51.149818525901715
2025-09-15 08:50:00+00:00,9.9e-07,99.99999999999999,8.333333333333332,7.112210753662017,15.028877420328683,-8.283742499999998e-06,51.14981024215921
2025-09-15 08:55:00+00:00,0.03468772,-59.999999999999986,-4.999999999999998,15.028877420328683,9.765719525591843,0.17272923612599994,51.322539478285215
2025-09-15 09:00:00+00:00,0.0386279,-99.99999999999999,-8.333333333333332,9.765719525591843,0.9937897010304404,0.3205825990749999,51.64312207736022
2025-09-15 09:05:00+00:00,0.03788929,-9.063362073397617,-0.7552801727831346,0.9937897010304404,0.19875794020608806,0.02849998584718417,51.6716220632074
2025-09-15 09:10:00+00:00,-0.00082762,99.99999999999999,8.333333333333332,0.19875794020608806,8.115424606872754,0.006925041381666666,51.678547104589065
2025-09-15 09:15:00+00:00,-0.00075273,99.99999999999999,8.333333333333332,8.115424606872754,16.032091273539418,0.0062984055474999984,51.68484551013656
2025-09-15 09:20:00+00:00,-0.00075005,99.99999999999999,8.333333333333332,16.032091273539418,23.948757940206082,0.006275980870833332,51.691121491007394
2025-09-15 09:25:00+00:00,-0.00074865,99.99999999999999,8.333333333333332,23.948757940206082,31.865424606872747,0.006264266487499999,51.69738575749489
2025-09-15 09:30:00+00:00,0.0375328299999999,-99.99999999999999,-8.333333333333332,31.865424606872747,23.093494782311346,0.3114943393774991,52.00888009687239
2025-09-15 09:35:00+00:00,0.03668089,-99.99999999999999,-8.333333333333332,23.093494782311346,14.321564957749944,0.30442387633249995,52.31330397320489
2025-09-15 09:40:00+00:00,0.03668089,-99.99999999999999,-8.333333333333332,14.321564957749944,5.549635133188541,0.30442387633249995,52.61772784953739
2025-09-15 09:45:00+00:00,-0.00061082,99.99999999999999,8.333333333333332,5.549635133188541,13.466301799855206,0.005110985448333332,52.62283883498572
2025-09-15 09:50:00+00:00,-0.00061005,99.99999999999999,8.333333333333332,13.466301799855206,21.38296846652187,0.0051045425374999995,52.62794337752322
2025-09-15 09:55:00+00:00,0.0,99.99999999999999,8.333333333333332,21.38296846652187,29.299635133188534,-0.0,52.62794337752322
2025-09-15 10:00:00+00:00,0.03656452,-99.99999999999999,-8.333333333333332,29.299635133188534,20.527705308627134,0.30345809260999995,52.931401470133224
2025-09-15 10:05:00+00:00,0.03660323,-99.99999999999999,-8.333333333333332,20.527705308627134,11.755775484065731,0.3037793565775,53.235180826710724
2025-09-15 10:10:00+00:00,0.0,99.99999999999999,8.333333333333332,11.755775484065731,19.672442150732397,-0.0,53.235180826710724
2025-09-15 10:15:00+00:00,0.0,99.99999999999999,8.333333333333332,19.672442150732397,27.58910881739906,-0.0,53.235180826710724
2025-09-15 10:20:00+00:00,0.03601274,-99.99999999999999,-8.333333333333332,27.58910881739906,18.81717899283766,0.29887873244499996,53.53405955915572
2025-09-15 10:25:00+00:00,0.03661542,-99.99999999999999,-8.333333333333332,18.81717899283766,10.045249168276259,0.30388052443499997,53.83794008359072
2025-09-15 10:30:00+00:00,0.03617413,-99.99999999999999,-8.333333333333332,10.045249168276259,1.2733193437148564,0.30021814840249994,54.13815823199322
2025-09-15 10:35:00+00:00,0.03698915,-11.61267241467949,-0.9677227012232908,1.2733193437148564,0.2546638687429712,0.035648837621723814,54.173807069614945
2025-09-15 10:40:00+00:00,-0.00048565,99.99999999999999,8.333333333333332,0.2546638687429712,8.171330535409636,0.004063635904166666,54.17787070551911
2025-09-15 10:45:00+00:00,0.03720055,-74.52253448293588,-6.210211206911323,8.171330535409636,1.6342661070819275,0.23007838732868574,54.4079490928478
2025-09-15 10:50:00+00:00,0.0,99.99999999999999,8.333333333333332,1.6342661070819275,9.550932773748592,-0.0,54.4079490928478
2025-09-15 10:55:00+00:00,-0.0004931,99.99999999999999,8.333333333333332,9.550932773748592,17.467599440415256,0.004125973158333332,54.41207506600613
2025-09-15 11:00:00+00:00,0.03647802,0.0,0.0,17.467599440415256,17.467599440415256,0.0,54.41207506600613
2025-09-15 11:05:00+00:00,0.03738376,-99.99999999999999,-8.333333333333332,17.467599440415256,8.695669615853854,0.31025717018,54.72233223618613
2025-09-15 11:10:00+00:00,0.0,99.99999999999999,8.333333333333332,8.695669615853854,16.61233628252052,-0.0,54.72233223618613
2025-09-15 11:15:00+00:00,0.0373001,-59.999999999999986,-4.999999999999998,16.61233628252052,11.34917838778368,0.18573771295499994,54.90806994914114
2025-09-15 11:20:00+00:00,0.0374232399999999,-19.999999999999996,-1.6666666666666663,11.34917838778368,9.594792422871398,0.06211696491399982,54.970186914055134
2025-09-15 11:25:00+00:00,0.0,99.99999999999999,8.333333333333332,9.594792422871398,17.511459089538064,-0.0,54.970186914055134
2025-09-15 11:30:00+00:00,0.03770892,-79.99999999999999,-6.666666666666665,17.511459089538064,10.493915229888943,0.25036460344799993,55.22055151750313
2025-09-15 11:35:00+00:00,0.0378488899999999,-99.99999999999999,-8.333333333333332,10.493915229888943,1.7219854053275405,0.3141174003324991,55.53466891783563
2025-09-15 11:40:00+00:00,0.03774291,-15.704506896587167,-1.3087089080489305,1.7219854053275405,0.34439708106550837,0.04919245909913036,55.58386137693476
2025-09-15 11:45:00+00:00,0.0,99.99999999999999,8.333333333333332,0.34439708106550837,8.261063747732173,-0.0,55.58386137693476
2025-09-15 11:50:00+00:00,0.0390396,-75.34090137931742,-6.278408448276451,8.261063747732173,1.6522127495464343,0.24410406864960285,55.82796544558437
2025-09-15 11:55:00+00:00,0.03875623,-15.06818027586348,-1.2556816896552898,1.6522127495464343,0.3304425499092871,0.048466446523631364,55.876431892108
2025-09-15 12:00:00+00:00,0.0,99.99999999999999,8.333333333333332,0.3304425499092871,8.247109216575952,-0.0,55.876431892108
