timestamp,rt_price_mwh,rt_price_kwh,scheduled_kw,desired_kw,executed_kw,deviation_kw,energy_charged_kwh,energy_discharged_kwh,soc_before_kwh,soc_after_kwh,rt_dev_rev_$,deg_cost_$
2025-09-24 12:00:00+00:00,0.0,0.0,0.0,0.0,0.0,0.0,0.0,0.0,500.0,500.0,0.0,0.0
2025-09-24 12:05:00+00:00,0.0,0.0,0.0,0.0,0.0,0.0,0.0,0.0,500.0,500.0,0.0,0.0
2025-09-24 12:10:00+00:00,44.48167,0.04448167,0.0,0.0,0.0,0.0,0.0,0.0,500.0,500.0,0.0,0.0
2025-09-24 12:15:00+00:00,48.59506,0.048595059999999995,0.0,0.0,0.0,0.0,0.0,0.0,500.0,500.0,0.0,0.0
2025-09-24 12:20:00+00:00,-1.57708,-0.00157708,0.0,0.0,0.0,0.0,0.0,0.0,500.0,500.0,-0.0,0.0
2025-09-24 12:25:00+00:00,50.59225,0.05059225,0.0,0.0,0.0,0.0,0.0,0.0,500.0,500.0,0.0,0.0
2025-09-24 12:30:00+00:00,-1.62069,-0.00162069,0.0,0.0,0.0,0.0,0.0,0.0,500.0,500.0,-0.0,0.0
2025-09-24 12:35:00+00:00,52.17146,0.05217146,0.0,0.0,0.0,0.0,0.0,0.0,500.0,500.0,0.0,0.0
2025-09-24 12:40:00+00:00,54.40513,0.05440513,0.0,0.0,0.0,0.0,0.0,0.0,500.0,500.0,0.0,0.0
2025-09-24 12:45:00+00:00,56.00626,0.056006259999999995,0.0,0.0,0.0,0.0,0.0,0.0,500.0,500.0,0.0,0.0
2025-09-24 12:50:00+00:00,0.0,0.0,0.0,0.0,0.0,0.0,0.0,0.0,500.0,500.0,0.0,0.0
2025-09-24 12:55:00+00:00,57.12264,0.057122639999999995,0.0,0.0,0.0,0.0,0.0,0.0,500.0,500.0,0.0,0.0
2025-09-24 13:00:00+00:00,56.47149,0.056471490000000006,0.0,0.0,0.0,0.0,0.0,0.0,500.0,500.0,0.0,0.0
2025-09-24 13:05:00+00:00,-0.13119,-0.00013119,0.0,0.0,0.0,0.0,0.0,0.0,500.0,500.0,-0.0,0.0
2025-09-24 13:10:00+00:00,56.89929,0.05689929,0.0,0.0,0.0,0.0,0.0,0.0,500.0,500.0,0.0,0.0
2025-09-24 13:15:00+00:00,-1.68796,-0.0016879599999999999,0.0,0.0,0.0,0.0,0.0,0.0,500.0,500.0,-0.0,0.0
2025-09-24 13:20:00+00:00,0.0,0.0,0.0,0.0,0.0,0.0,0.0,0.0,500.0,500.0,0.0,0.0
2025-09-24 13:25:00+00:00,66.12248,0.06612248,0.0,0.0,0.0,0.0,0.0,0.0,500.0,500.0,0.0,0.0
2025-09-24 13:30:00+00:00,-1.82861,-0.00182861,0.0,0.0,0.0,0.0,0.0,0.0,500.0,500.0,-0.0,0.0
2025-09-24 13:35:00+00:00,-1.81668,-0.00181668,0.0,0.0,0.0,0.0,0.0,0.0,500.0,500.0,-0.0,0.0
2025-09-24 13:40:00+00:00,-1.81701,-0.00181701,0.0,0.0,0.0,0.0,0.0,0.0,500.0,500.0,-0.0,0.0
2025-09-24 13:45:00+00:00,-0.49825,-0.00049825,0.0,0.0,0.0,0.0,0.0,0.0,500.0,500.0,-0.0,0.0
2025-09-24 13:50:00+00:00,-1.82769,-0.00182769,0.0,0.0,0.0,0.0,0.0,0.0,500.0,500.0,-0.0,0.0
2025-09-24 13:55:00+00:00,-1.77771,-0.0017777099999999998,0.0,0.0,0.0,0.0,0.0,0.0,500.0,500.0,-0.0,0.0
2025-09-24 14:00:00+00:00,65.33167,0.06533167000000001,0.0,0.0,0.0,0.0,0.0,0.0,500.0,500.0,0.0,0.0
2025-09-24 14:05:00+00:00,-0.05008,-5.008e-05,0.0,0.0,0.0,0.0,0.0,0.0,500.0,500.0,-0.0,0.0
2025-09-24 14:10:00+00:00,-1.68716,-0.00168716,0.0,0.0,0.0,0.0,0.0,0.0,500.0,500.0,-0.0,0.0
2025-09-24 14:15:00+00:00,53.04658,0.053046579999999996,0.0,0.0,0.0,0.0,0.0,0.0,500.0,500.0,0.0,0.0
2025-09-24 14:20:00+00:00,1.61476,0.00161476,0.0,0.0,0.0,0.0,0.0,0.0,500.0,500.0,0.0,0.0
2025-09-24 14:25:00+00:00,2.18823,0.0021882299999999998,0.0,0.0,0.0,0.0,0.0,0.0,500.0,500.0,0.0,0.0
2025-09-24 14:30:00+00:00,-0.53836,-0.00053836,0.0,0.0,0.0,0.0,0.0,0.0,500.0,500.0,-0.0,0.0
2025-09-24 14:35:00+00:00,43.91507,0.04391507,0.0,0.0,0.0,0.0,0.0,0.0,500.0,500.0,0.0,0.0
2025-09-24 14:40:00+00:00,44.51367,0.04451367,0.0,0.0,0.0,0.0,0.0,0.0,500.0,500.0,0.0,0.0
2025-09-24 14:45:00+00:00,-1.6004,-0.0016004,0.0,0.0,0.0,0.0,0.0,0.0,500.0,500.0,-0.0,0.0
2025-09-24 14:50:00+00:00,5.84304,0.00584304,0.0,0.0,0.0,0.0,0.0,0.0,500.0,500.0,0.0,0.0
2025-09-24 14:55:00+00:00,44.38024,0.04438024,0.0,0.0,0.0,0.0,0.0,0.0,500.0,500.0,0.0,0.0
2025-09-24 15:00:00+00:00,46.93696,0.04693696,0.0,0.0,0.0,0.0,0.0,0.0,500.0,500.0,0.0,0.0
2025-09-24 15:05:00+00:00,-1.91928,-0.0019192800000000002,0.0,0.0,0.0,0.0,0.0,0.0,500.0,500.0,-0.0,0.0
2025-09-24 15:10:00+00:00,47.65345,0.04765345,0.0,0.0,0.0,0.0,0.0,0.0,500.0,500.0,0.0,0.0
2025-09-24 15:15:00+00:00,43.36689,0.04336689,0.0,0.0,0.0,0.0,0.0,0.0,500.0,500.0,0.0,0.0
2025-09-24 15:20:00+00:00,-2.11038,-0.0021103800000000002,0.0,0.0,0.0,0.0,0.0,0.0,500.0,500.0,-0.0,0.0
2025-09-24 15:25:00+00:00,37.43616,0.03743616,0.0,0.0,0.0,0.0,0.0,0.0,500.0,500.0,0.0,0.0
2025-09-24 15:30:00+00:00,-2.19906,-0.0021990599999999996,0.0,0.0,0.0,0.0,0.0,0.0,500.0,500.0,-0.0,0.0
2025-09-24 15:35:00+00:00,1.18597,0.00118597,0.0,0.0,0.0,0.0,0.0,0.0,500.0,500.0,0.0,0.0
2025-09-24 15:40:00+00:00,46.44771,0.04644771,0.0,0.0,0.0,0.0,0.0,0.0,500.0,500.0,0.0,0.0
2025-09-24 15:45:00+00:00,42.51772,0.042517719999999995,0.0,0.0,0.0,0.0,0.0,0.0,500.0,500.0,0.0,0.0
2025-09-24 15:50:00+00:00,41.6798,0.0416798,0.0,0.0,0.0,0.0,0.0,0.0,500.0,500.0,0.0,0.0
2025-09-24 15:55:00+00:00,-1.97245,-0.00197245,0.0,0.0,0.0,0.0,0.0,0.0,500.0,500.0,-0.0,0.0
2025-09-24 16:00:00+00:00,51.79535,0.05179535,0.0,0.0,0.0,0.0,0.0,0.0,500.0,500.0,0.0,0.0
2025-09-24 16:05:00+00:00,46.63936,0.046639360000000005,0.0,0.0,0.0,0.0,0.0,0.0,500.0,500.0,0.0,0.0
2025-09-24 16:10:00+00:00,-4.15196,-0.00415196,0.0,0.0,0.0,0.0,0.0,0.0,500.0,500.0,-0.0,0.0
2025-09-24 16:15:00+00:00,50.51956,0.05051956,0.0,0.0,0.0,0.0,0.0,0.0,500.0,500.0,0.0,0.0
2025-09-24 16:20:00+00:00,-2.30696,-0.0023069600000000003,0.0,0.0,0.0,0.0,0.0,0.0,500.0,500.0,-0.0,0.0
2025-09-24 16:25:00+00:00,-7.04536,-0.00704536,0.0,0.0,0.0,0.0,0.0,0.0,500.0,500.0,-0.0,0.0
2025-09-24 16:30:00+00:00,-6.49552,-0.00649552,0.0,0.0,0.0,0.0,0.0,0.0,500.0,500.0,-0.0,0.0
2025-09-24 16:35:00+00:00,43.70878,0.043708779999999996,0.0,0.0,0.0,0.0,0.0,0.0,500.0,500.0,0.0,0.0
2025-09-24 16:40:00+00:00,51.31225,0.05131225,0.0,0.0,0.0,0.0,0.0,0.0,500.0,500.0,0.0,0.0
2025-09-24 16:45:00+00:00,-2.37603,-0.00237603,0.0,0.0,0.0,0.0,0.0,0.0,500.0,500.0,-0.0,0.0
2025-09-24 16:50:00+00:00,-3.9423,-0.0039423,0.0,0.0,0.0,0.0,0.0,0.0,500.0,500.0,-0.0,0.0
2025-09-24 16:55:00+00:00,-7.63835,-0.00763835,0.0,0.0,0.0,0.0,0.0,0.0,500.0,500.0,-0.0,0.0
2025-09-24 17:00:00+00:00,-3.10488,-0.00310488,0.0,0.0,0.0,0.0,0.0,0.0,500.0,500.0,-0.0,0.0
2025-09-24 17:05:00+00:00,50.71449,0.05071449,0.0,0.0,0.0,0.0,0.0,0.0,500.0,500.0,0.0,0.0
2025-09-24 17:10:00+00:00,-2.9068,-0.0029068,0.0,0.0,0.0,0.0,0.0,0.0,500.0,500.0,-0.0,0.0
2025-09-24 17:15:00+00:00,-2.88566,-0.00288566,0.0,0.0,0.0,0.0,0.0,0.0,500.0,500.0,-0.0,0.0
2025-09-24 17:20:00+00:00,-2.82548,-0.00282548,0.0,0.0,0.0,0.0,0.0,0.0,500.0,500.0,-0.0,0.0
2025-09-24 17:25:00+00:00,1.46838,0.00146838,0.0,0.0,0.0,0.0,0.0,0.0,500.0,500.0,0.0,0.0
2025-09-24 17:30:00+00:00,-2.56076,-0.00256076,0.0,0.0,0.0,0.0,0.0,0.0,500.0,500.0,-0.0,0.0
2025-09-24 17:35:00+00:00,-2.50879,-0.00250879,0.0,0.0,0.0,0.0,0.0,0.0,500.0,500.0,-0.0,0.0
2025-09-24 17:40:00+00:00,4.47175,0.00447175,0.0,0.0,0.0,0.0,0.0,0.0,500.0,500.0,0.0,0.0
2025-09-24 17:45:00+00:00,-4.44351,-0.0044435099999999995,0.0,0.0,0.0,0.0,0.0,0.0,500.0,500.0,-0.0,0.0
2025-09-24 17:50:00+00:00,-2.83712,-0.0028371200000000003,0.0,0.0,0.0,0.0,0.0,0.0,500.0,500.0,-0.0,0.0
2025-09-24 17:55:00+00:00,54.02111,0.05402111,0.0,0.0,0.0,0.0,0.0,0.0,500.0,500.0,0.0,0.0
2025-09-24 18:00:00+00:00,52.63998,0.05263998,0.0,0.0,0.0,0.0,0.0,0.0,500.0,500.0,0.0,0.0
2025-09-24 18:05:00+00:00,52.75137,0.05275137,0.0,0.0,0.0,0.0,0.0,0.0,500.0,500.0,0.0,0.0
2025-09-24 18:10:00+00:00,52.41197,0.052411969999999995,0.0,0.0,0.0,0.0,0.0,0.0,500.0,500.0,0.0,0.0
2025-09-24 18:15:00+00:00,-2.90838,-0.0029083800000000003,0.0,0.0,0.0,0.0,0.0,0.0,500.0,500.0,-0.0,0.0
2025-09-24 18:20:00+00:00,0.6427,0.0006427000000000001,0.0,0.0,0.0,0.0,0.0,0.0,500.0,500.0,0.0,0.0
2025-09-24 18:25:00+00:00,2.60049,0.00260049,0.0,0.0,0.0,0.0,0.0,0.0,500.0,500.0,0.0,0.0
2025-09-24 18:30:00+00:00,49.69403,0.04969403,0.0,0.0,0.0,0.0,0.0,0.0,500.0,500.0,0.0,0.0
2025-09-24 18:35:00+00:00,50.38481,0.05038481,0.0,0.0,0.0,0.0,0.0,0.0,500.0,500.0,0.0,0.0
2025-09-24 18:40:00+00:00,48.40805,0.04840805,0.0,0.0,0.0,0.0,0.0,0.0,500.0,500.0,0.0,0.0
2025-09-24 18:45:00+00:00,50.99353,0.05099353,0.0,0.0,0.0,0.0,0.0,0.0,500.0,500.0,0.0,0.0
2025-09-24 18:50:00+00:00,47.00288,0.04700288,0.0,0.0,0.0,0.0,0.0,0.0,500.0,500.0,0.0,0.0
2025-09-24 18:55:00+00:00,51.90443,0.051904429999999994,0.0,0.0,0.0,0.0,0.0,0.0,500.0,500.0,0.0,0.0
2025-09-24 19:00:00+00:00,-2.89569,-0.0028956900000000002,0.0,0.0,0.0,0.0,0.0,0.0,500.0,500.0,-0.0,0.0
2025-09-24 19:05:00+00:00,52.17739,0.052177390000000004,0.0,0.0,0.0,0.0,0.0,0.0,500.0,500.0,0.0,0.0
2025-09-24 19:10:00+00:00,51.10016,0.051100160000000006,0.0,0.0,0.0,0.0,0.0,0.0,500.0,500.0,0.0,0.0
2025-09-24 19:15:00+00:00,-2.74557,-0.0027455699999999997,0.0,0.0,0.0,0.0,0.0,0.0,500.0,500.0,-0.0,0.0
2025-09-24 19:20:00+00:00,2.26399,0.00226399,0.0,0.0,0.0,0.0,0.0,0.0,500.0,500.0,0.0,0.0
2025-09-24 19:25:00+00:00,54.0595,0.054059499999999996,0.0,0.0,0.0,0.0,0.0,0.0,500.0,500.0,0.0,0.0
2025-09-24 19:30:00+00:00,-2.87491,-0.00287491,0.0,0.0,0.0,0.0,0.0,0.0,500.0,500.0,-0.0,0.0
2025-09-24 19:35:00+00:00,51.58713,0.05158713,0.0,0.0,0.0,0.0,0.0,0.0,500.0,500.0,0.0,0.0
2025-09-24 19:40:00+00:00,52.67523,0.052675229999999996,0.0,0.0,0.0,0.0,0.0,0.0,500.0,500.0,0.0,0.0
2025-09-24 19:45:00+00:00,50.62271,0.05062271,0.0,0.0,0.0,0.0,0.0,0.0,500.0,500.0,0.0,0.0
2025-09-24 19:50:00+00:00,47.42196,0.04742196,0.0,0.0,0.0,0.0,0.0,0.0,500.0,500.0,0.0,0.0
2025-09-24 19:55:00+00:00,49.2392,0.0492392,0.0,0.0,0.0,0.0,0.0,0.0,500.0,500.0,0.0,0.0
2025-09-24 20:00:00+00:00,50.43572,0.05043572,0.0,0.0,0.0,0.0,0.0,0.0,500.0,500.0,0.0,0.0
2025-09-24 20:05:00+00:00,6.44943,0.006449430000000001,0.0,0.0,0.0,0.0,0.0,0.0,500.0,500.0,0.0,0.0
2025-09-24 20:10:00+00:00,47.72098,0.047720979999999996,0.0,0.0,0.0,0.0,0.0,0.0,500.0,500.0,0.0,0.0
2025-09-24 20:15:00+00:00,51.01283,0.05101283,0.0,0.0,0.0,0.0,0.0,0.0,500.0,500.0,0.0,0.0
2025-09-24 20:20:00+00:00,55.3229,0.055322899999999994,0.0,0.0,0.0,0.0,0.0,0.0,500.0,500.0,0.0,0.0
2025-09-24 20:25:00+00:00,50.85193,0.050851930000000004,0.0,0.0,0.0,0.0,0.0,0.0,500.0,500.0,0.0,0.0
2025-09-24 20:30:00+00:00,7.55188,0.0075518799999999995,0.0,0.0,0.0,0.0,0.0,0.0,500.0,500.0,0.0,0.0
2025-09-24 20:35:00+00:00,53.57379,0.05357379,0.0,0.0,0.0,0.0,0.0,0.0,500.0,500.0,0.0,0.0
2025-09-24 20:40:00+00:00,52.58877,0.05258877,0.0,0.0,0.0,0.0,0.0,0.0,500.0,500.0,0.0,0.0
2025-09-24 20:45:00+00:00,46.70083,0.046700830000000006,0.0,0.0,0.0,0.0,0.0,0.0,500.0,500.0,0.0,0.0
2025-09-24 20:50:00+00:00,-2.70395,-0.0027039499999999997,0.0,0.0,0.0,0.0,0.0,0.0,500.0,500.0,-0.0,0.0
2025-09-24 20:55:00+00:00,47.57413,0.04757413,0.0,0.0,0.0,0.0,0.0,0.0,500.0,500.0,0.0,0.0
2025-09-24 21:00:00+00:00,38.38166,0.03838166,0.0,0.0,0.0,0.0,0.0,0.0,500.0,500.0,0.0,0.0
2025-09-24 21:05:00+00:00,3.16182,0.00316182,0.0,0.0,0.0,0.0,0.0,0.0,500.0,500.0,0.0,0.0
2025-09-24 21:10:00+00:00,41.61928,0.04161928,0.0,0.0,0.0,0.0,0.0,0.0,500.0,500.0,0.0,0.0
2025-09-24 21:15:00+00:00,3.73476,0.00373476,0.0,0.0,0.0,0.0,0.0,0.0,500.0,500.0,0.0,0.0
2025-09-24 21:20:00+00:00,42.14013,0.04214013,0.0,0.0,0.0,0.0,0.0,0.0,500.0,500.0,0.0,0.0
2025-09-24 21:25:00+00:00,43.1701,0.043170099999999996,0.0,0.0,0.0,0.0,0.0,0.0,500.0,500.0,0.0,0.0
2025-09-24 21:30:00+00:00,40.93668,0.04093668,0.0,0.0,0.0,0.0,0.0,0.0,500.0,500.0,0.0,0.0
2025-09-24 21:35:00+00:00,-2.12712,-0.00212712,0.0,0.0,0.0,0.0,0.0,0.0,500.0,500.0,-0.0,0.0
2025-09-24 21:40:00+00:00,-4.88115,-0.00488115,0.0,0.0,0.0,0.0,0.0,0.0,500.0,500.0,-0.0,0.0
2025-09-24 21:45:00+00:00,-8.36421,-0.00836421,0.0,0.0,0.0,0.0,0.0,0.0,500.0,500.0,-0.0,0.0
2025-09-24 21:50:00+00:00,-2.20141,-0.00220141,0.0,0.0,0.0,0.0,0.0,0.0,500.0,500.0,-0.0,0.0
2025-09-24 21:55:00+00:00,-1.82889,-0.00182889,0.0,0.0,0.0,0.0,0.0,0.0,500.0,500.0,-0.0,0.0
2025-09-24 22:00:00+00:00,-13.29882,-0.01329882,0.0,0.0,0.0,0.0,0.0,0.0,500.0,500.0,-0.0,0.0
2025-09-24 22:05:00+00:00,41.79014,0.04179014,0.0,0.0,0.0,0.0,0.0,0.0,500.0,500.0,0.0,0.0
2025-09-24 22:10:00+00:00,-1.98896,-0.00198896,0.0,0.0,0.0,0.0,0.0,0.0,500.0,500.0,-0.0,0.0
2025-09-24 22:15:00+00:00,43.22579,0.04322579,0.0,0.0,0.0,0.0,0.0,0.0,500.0,500.0,0.0,0.0
2025-09-24 22:20:00+00:00,-2.26685,-0.00226685,0.0,0.0,0.0,0.0,0.0,0.0,500.0,500.0,-0.0,0.0
2025-09-24 22:25:00+00:00,-21.48927,-0.02148927,0.0,0.0,0.0,0.0,0.0,0.0,500.0,500.0,-0.0,0.0
2025-09-24 22:30:00+00:00,42.36668,0.042366680000000004,0.0,0.0,0.0,0.0,0.0,0.0,500.0,500.0,0.0,0.0
2025-09-24 22:35:00+00:00,-13.89714,-0.01389714,0.0,0.0,0.0,0.0,0.0,0.0,500.0,500.0,-0.0,0.0
2025-09-24 22:40:00+00:00,-2.25142,-0.00225142,0.0,0.0,0.0,0.0,0.0,0.0,500.0,500.0,-0.0,0.0
2025-09-24 22:45:00+00:00,42.94971,0.04294971,0.0,0.0,0.0,0.0,0.0,0.0,500.0,500.0,0.0,0.0
2025-09-24 22:50:00+00:00,45.32406,0.045324060000000006,0.0,0.0,0.0,0.0,0.0,0.0,500.0,500.0,0.0,0.0
2025-09-24 22:55:00+00:00,-2.3299,-0.0023298999999999998,0.0,0.0,0.0,0.0,0.0,0.0,500.0,500.0,-0.0,0.0
2025-09-24 23:00:00+00:00,-9.00203,-0.00900203,0.0,0.0,0.0,0.0,0.0,0.0,500.0,500.0,-0.0,0.0
2025-09-24 23:05:00+00:00,-2.09596,-0.00209596,0.0,0.0,0.0,0.0,0.0,0.0,500.0,500.0,-0.0,0.0
2025-09-24 23:10:00+00:00,-2.10068,-0.00210068,0.0,0.0,0.0,0.0,0.0,0.0,500.0,500.0,-0.0,0.0
2025-09-24 23:15:00+00:00,26.93716,0.026937159999999998,0.0,0.0,0.0,0.0,0.0,0.0,500.0,500.0,0.0,0.0
2025-09-24 23:20:00+00:00,-2.1539,-0.0021539000000000003,0.0,0.0,0.0,0.0,0.0,0.0,500.0,500.0,-0.0,0.0
2025-09-24 23:25:00+00:00,-9.6504,-0.0096504,0.0,0.0,0.0,0.0,0.0,0.0,500.0,500.0,-0.0,0.0
2025-09-24 23:30:00+00:00,-2.27599,-0.0022759900000000003,0.0,0.0,0.0,0.0,0.0,0.0,500.0,500.0,-0.0,0.0
2025-09-24 23:35:00+00:00,-10.15803,-0.01015803,0.0,0.0,0.0,0.0,0.0,0.0,500.0,500.0,-0.0,0.0
2025-09-24 23:40:00+00:00,32.82064,0.03282064,0.0,0.0,0.0,0.0,0.0,0.0,500.0,500.0,0.0,0.0
2025-09-24 23:45:00+00:00,42.47135,0.04247135,0.0,0.0,0.0,0.0,0.0,0.0,500.0,500.0,0.0,0.0
2025-09-24 23:50:00+00:00,50.32121,0.05032121,0.0,0.0,0.0,0.0,0.0,0.0,500.0,500.0,0.0,0.0
2025-09-24 23:55:00+00:00,56.4097,0.0564097,0.0,0.0,0.0,0.0,0.0,0.0,500.0,500.0,0.0,0.0
2025-09-25 00:00:00+00:00,-2.39027,-0.0023902700000000003,0.0,0.0,0.0,0.0,0.0,0.0,500.0,500.0,-0.0,0.0
2025-09-25 00:05:00+00:00,-2.37853,-0.0023785300000000002,0.0,0.0,0.0,0.0,0.0,0.0,500.0,500.0,-0.0,0.0
2025-09-25 00:10:00+00:00,45.07783,0.04507783,0.0,0.0,0.0,0.0,0.0,0.0,500.0,500.0,0.0,0.0
2025-09-25 00:15:00+00:00,-2.49131,-0.00249131,0.0,0.0,0.0,0.0,0.0,0.0,500.0,500.0,-0.0,0.0
2025-09-25 00:20:00+00:00,-2.77057,-0.0027705700000000004,0.0,0.0,0.0,0.0,0.0,0.0,500.0,500.0,-0.0,0.0
2025-09-25 00:25:00+00:00,-2.93144,-0.00293144,0.0,0.0,0.0,0.0,0.0,0.0,500.0,500.0,-0.0,0.0
2025-09-25 00:30:00+00:00,51.68553,0.05168553,0.0,0.0,0.0,0.0,0.0,0.0,500.0,500.0,0.0,0.0
2025-09-25 00:35:00+00:00,-7.7,-0.0077,0.0,0.0,0.0,0.0,0.0,0.0,500.0,500.0,-0.0,0.0
2025-09-25 00:40:00+00:00,60.12125,0.06012125,0.0,0.0,0.0,0.0,0.0,0.0,500.0,500.0,0.0,0.0
2025-09-25 00:45:00+00:00,73.26593,0.07326592999999999,0.0,0.0,0.0,0.0,0.0,0.0,500.0,500.0,0.0,0.0
2025-09-25 00:50:00+00:00,71.55302,0.07155302000000001,0.0,0.0,0.0,0.0,0.0,0.0,500.0,500.0,0.0,0.0
2025-09-25 00:55:00+00:00,0.0,0.0,0.0,0.0,0.0,0.0,0.0,0.0,500.0,500.0,0.0,0.0
2025-09-25 01:00:00+00:00,0.0,0.0,0.0,0.0,0.0,0.0,0.0,0.0,500.0,500.0,0.0,0.0
2025-09-25 01:05:00+00:00,-2.53452,-0.00253452,0.0,0.0,0.0,0.0,0.0,0.0,500.0,500.0,-0.0,0.0
2025-09-25 01:10:00+00:00,56.42704,0.05642704,0.0,0.0,0.0,0.0,0.0,0.0,500.0,500.0,0.0,0.0
2025-09-25 01:15:00+00:00,54.82143,0.05482143,0.0,0.0,0.0,0.0,0.0,0.0,500.0,500.0,0.0,0.0
2025-09-25 01:20:00+00:00,0.0,0.0,0.0,0.0,0.0,0.0,0.0,0.0,500.0,500.0,0.0,0.0
2025-09-25 01:25:00+00:00,56.17643,0.056176430000000006,0.0,0.0,0.0,0.0,0.0,0.0,500.0,500.0,0.0,0.0
2025-09-25 01:30:00+00:00,0.0,0.0,0.0,0.0,0.0,0.0,0.0,0.0,500.0,500.0,0.0,0.0
2025-09-25 01:35:00+00:00,0.0,0.0,0.0,0.0,0.0,0.0,0.0,0.0,500.0,500.0,0.0,0.0
2025-09-25 01:40:00+00:00,0.0,0.0,0.0,0.0,0.0,0.0,0.0,0.0,500.0,500.0,0.0,0.0
2025-09-25 01:45:00+00:00,53.08903,0.05308903,0.0,0.0,0.0,0.0,0.0,0.0,500.0,500.0,0.0,0.0
2025-09-25 01:50:00+00:00,55.22095,0.055220950000000005,0.0,0.0,0.0,0.0,0.0,0.0,500.0,500.0,0.0,0.0
2025-09-25 01:55:00+00:00,0.0,0.0,0.0,0.0,0.0,0.0,0.0,0.0,500.0,500.0,0.0,0.0
2025-09-25 02:00:00+00:00,54.6196,0.0546196,0.0,0.0,0.0,0.0,0.0,0.0,500.0,500.0,0.0,0.0
2025-09-25 02:05:00+00:00,0.0,0.0,0.0,0.0,0.0,0.0,0.0,0.0,500.0,500.0,0.0,0.0
2025-09-25 02:10:00+00:00,0.0,0.0,0.0,0.0,0.0,0.0,0.0,0.0,500.0,500.0,0.0,0.0
2025-09-25 02:15:00+00:00,-2.25254,-0.0022525400000000004,0.0,0.0,0.0,0.0,0.0,0.0,500.0,500.0,-0.0,0.0
2025-09-25 02:20:00+00:00,54.04371,0.054043709999999995,0.0,0.0,0.0,0.0,0.0,0.0,500.0,500.0,0.0,0.0
2025-09-25 02:25:00+00:00,-2.29904,-0.00229904,0.0,0.0,0.0,0.0,0.0,0.0,500.0,500.0,-0.0,0.0
2025-09-25 02:30:00+00:00,51.7731,0.0517731,0.0,0.0,0.0,0.0,0.0,0.0,500.0,500.0,0.0,0.0
2025-09-25 02:35:00+00:00,-2.14874,-0.00214874,0.0,0.0,0.0,0.0,0.0,0.0,500.0,500.0,-0.0,0.0
2025-09-25 02:40:00+00:00,-2.14142,-0.00214142,0.0,0.0,0.0,0.0,0.0,0.0,500.0,500.0,-0.0,0.0
2025-09-25 02:45:00+00:00,53.12574,0.05312574,0.0,0.0,0.0,0.0,0.0,0.0,500.0,500.0,0.0,0.0
2025-09-25 02:50:00+00:00,-2.09315,-0.0020931500000000002,0.0,0.0,0.0,0.0,0.0,0.0,500.0,500.0,-0.0,0.0
2025-09-25 02:55:00+00:00,-2.10761,-0.00210761,0.0,0.0,0.0,0.0,0.0,0.0,500.0,500.0,-0.0,0.0
2025-09-25 03:00:00+00:00,0.0,0.0,0.0,0.0,0.0,0.0,0.0,0.0,500.0,500.0,0.0,0.0
2025-09-25 03:05:00+00:00,-2.03361,-0.00203361,0.0,0.0,0.0,0.0,0.0,0.0,500.0,500.0,-0.0,0.0
2025-09-25 03:10:00+00:00,50.82886,0.05082886,0.0,0.0,0.0,0.0,0.0,0.0,500.0,500.0,0.0,0.0
2025-09-25 03:15:00+00:00,49.06077,0.04906077,0.0,0.0,0.0,0.0,0.0,0.0,500.0,500.0,0.0,0.0
2025-09-25 03:20:00+00:00,0.0,0.0,0.0,0.0,0.0,0.0,0.0,0.0,500.0,500.0,0.0,0.0
2025-09-25 03:25:00+00:00,0.0,0.0,0.0,0.0,0.0,0.0,0.0,0.0,500.0,500.0,0.0,0.0
2025-09-25 03:30:00+00:00,0.0,0.0,0.0,0.0,0.0,0.0,0.0,0.0,500.0,500.0,0.0,0.0
2025-09-25 03:35:00+00:00,0.0,0.0,0.0,0.0,0.0,0.0,0.0,0.0,500.0,500.0,0.0,0.0
2025-09-25 03:40:00+00:00,0.0,0.0,0.0,0.0,0.0,0.0,0.0,0.0,500.0,500.0,0.0,0.0
2025-09-25 03:45:00+00:00,-1.82277,-0.00182277,0.0,0.0,0.0,0.0,0.0,0.0,500.0,500.0,-0.0,0.0
2025-09-25 03:50:00+00:00,51.05794,0.05105794,0.0,0.0,0.0,0.0,0.0,0.0,500.0,500.0,0.0,0.0
2025-09-25 03:55:00+00:00,-1.82277,-0.00182277,0.0,0.0,0.0,0.0,0.0,0.0,500.0,500.0,-0.0,0.0
2025-09-25 04:00:00+00:00,0.0,0.0,0.0,0.0,0.0,0.0,0.0,0.0,500.0,500.0,0.0,0.0
2025-09-25 04:05:00+00:00,-1.88786,-0.00188786,0.0,0.0,0.0,0.0,0.0,0.0,500.0,500.0,-0.0,0.0
2025-09-25 04:10:00+00:00,53.21165,0.05321165,0.0,0.0,0.0,0.0,0.0,0.0,500.0,500.0,0.0,0.0
2025-09-25 04:15:00+00:00,0.0,0.0,0.0,0.0,0.0,0.0,0.0,0.0,500.0,500.0,0.0,0.0
2025-09-25 04:20:00+00:00,0.0,0.0,0.0,0.0,0.0,0.0,0.0,0.0,500.0,500.0,0.0,0.0
2025-09-25 04:25:00+00:00,0.0,0.0,0.0,0.0,0.0,0.0,0.0,0.0,500.0,500.0,0.0,0.0
2025-09-25 04:30:00+00:00,-1.79794,-0.00179794,0.0,0.0,0.0,0.0,0.0,0.0,500.0,500.0,-0.0,0.0
2025-09-25 04:35:00+00:00,-1.79632,-0.00179632,0.0,0.0,0.0,0.0,0.0,0.0,500.0,500.0,-0.0,0.0
2025-09-25 04:40:00+00:00,-1.80714,-0.00180714,0.0,0.0,0.0,0.0,0.0,0.0,500.0,500.0,-0.0,0.0
2025-09-25 04:45:00+00:00,0.0,0.0,0.0,0.0,0.0,0.0,0.0,0.0,500.0,500.0,0.0,0.0
2025-09-25 04:50:00+00:00,-1.7051,-0.0017051,0.0,0.0,0.0,0.0,0.0,0.0,500.0,500.0,-0.0,0.0
2025-09-25 04:55:00+00:00,51.89481,0.05189481,0.0,0.0,0.0,0.0,0.0,0.0,500.0,500.0,0.0,0.0
2025-09-25 05:00:00+00:00,53.6756,0.053675600000000004,0.0,0.0,0.0,0.0,0.0,0.0,500.0,500.0,0.0,0.0
2025-09-25 05:05:00+00:00,50.58224,0.05058224,0.0,0.0,0.0,0.0,0.0,0.0,500.0,500.0,0.0,0.0
2025-09-25 05:10:00+00:00,0.0,0.0,0.0,0.0,0.0,0.0,0.0,0.0,500.0,500.0,0.0,0.0
2025-09-25 05:15:00+00:00,-1.90749,-0.00190749,0.0,0.0,0.0,0.0,0.0,0.0,500.0,500.0,-0.0,0.0
2025-09-25 05:20:00+00:00,0.0,0.0,0.0,0.0,0.0,0.0,0.0,0.0,500.0,500.0,0.0,0.0
2025-09-25 05:25:00+00:00,-1.94393,-0.00194393,0.0,0.0,0.0,0.0,0.0,0.0,500.0,500.0,-0.0,0.0
2025-09-25 05:30:00+00:00,0.0,0.0,0.0,0.0,0.0,0.0,0.0,0.0,500.0,500.0,0.0,0.0
2025-09-25 05:35:00+00:00,-1.84258,-0.0018425800000000001,0.0,0.0,0.0,0.0,0.0,0.0,500.0,500.0,-0.0,0.0
2025-09-25 05:40:00+00:00,49.66268,0.04966268,0.0,0.0,0.0,0.0,0.0,0.0,500.0,500.0,0.0,0.0
2025-09-25 05:45:00+00:00,46.78015,0.04678015,0.0,0.0,0.0,0.0,0.0,0.0,500.0,500.0,0.0,0.0
2025-09-25 05:50:00+00:00,46.76777,0.04676777,0.0,0.0,0.0,0.0,0.0,0.0,500.0,500.0,0.0,0.0
2025-09-25 05:55:00+00:00,48.77499,0.048774990000000004,0.0,0.0,0.0,0.0,0.0,0.0,500.0,500.0,0.0,0.0
2025-09-25 06:00:00+00:00,0.0,0.0,0.0,0.0,0.0,0.0,0.0,0.0,500.0,500.0,0.0,0.0
2025-09-25 06:05:00+00:00,53.60594,0.05360594,0.0,0.0,0.0,0.0,0.0,0.0,500.0,500.0,0.0,0.0
2025-09-25 06:10:00+00:00,-1.79899,-0.00179899,0.0,0.0,0.0,0.0,0.0,0.0,500.0,500.0,-0.0,0.0
2025-09-25 06:15:00+00:00,50.95807,0.05095807,0.0,0.0,0.0,0.0,0.0,0.0,500.0,500.0,0.0,0.0
2025-09-25 06:20:00+00:00,49.17607,0.04917607,0.0,0.0,0.0,0.0,0.0,0.0,500.0,500.0,0.0,0.0
2025-09-25 06:25:00+00:00,0.0,0.0,0.0,0.0,0.0,0.0,0.0,0.0,500.0,500.0,0.0,0.0
2025-09-25 06:30:00+00:00,46.42435,0.046424349999999996,0.0,0.0,0.0,0.0,0.0,0.0,500.0,500.0,0.0,0.0
2025-09-25 06:35:00+00:00,46.84719,0.04684719,0.0,0.0,0.0,0.0,0.0,0.0,500.0,500.0,0.0,0.0
2025-09-25 06:40:00+00:00,-1.5699,-0.0015699000000000002,0.0,0.0,0.0,0.0,0.0,0.0,500.0,500.0,-0.0,0.0
2025-09-25 06:45:00+00:00,-1.60419,-0.00160419,0.0,0.0,0.0,0.0,0.0,0.0,500.0,500.0,-0.0,0.0
2025-09-25 06:50:00+00:00,48.29246,0.048292459999999995,0.0,0.0,0.0,0.0,0.0,0.0,500.0,500.0,0.0,0.0
2025-09-25 06:55:00+00:00,0.0,0.0,0.0,0.0,0.0,0.0,0.0,0.0,500.0,500.0,0.0,0.0
2025-09-25 07:00:00+00:00,0.0,0.0,0.0,0.0,0.0,0.0,0.0,0.0,500.0,500.0,0.0,0.0
2025-09-25 07:05:00+00:00,50.96203,0.05096203,0.0,0.0,0.0,0.0,0.0,0.0,500.0,500.0,0.0,0.0
2025-09-25 07:10:00+00:00,47.31378,0.04731378,0.0,0.0,0.0,0.0,0.0,0.0,500.0,500.0,0.0,0.0
2025-09-25 07:15:00+00:00,0.0,0.0,0.0,0.0,0.0,0.0,0.0,0.0,500.0,500.0,0.0,0.0
2025-09-25 07:20:00+00:00,47.30485,0.04730485,0.0,0.0,0.0,0.0,0.0,0.0,500.0,500.0,0.0,0.0
2025-09-25 07:25:00+00:00,-1.50359,-0.00150359,0.0,0.0,0.0,0.0,0.0,0.0,500.0,500.0,-0.0,0.0
2025-09-25 07:30:00+00:00,43.92411,0.04392411,0.0,0.0,0.0,0.0,0.0,0.0,500.0,500.0,0.0,0.0
2025-09-25 07:35:00+00:00,0.0,0.0,0.0,0.0,0.0,0.0,0.0,0.0,500.0,500.0,0.0,0.0
2025-09-25 07:40:00+00:00,-1.40712,-0.00140712,0.0,0.0,0.0,0.0,0.0,0.0,500.0,500.0,-0.0,0.0
2025-09-25 07:45:00+00:00,42.14128,0.04214128,0.0,0.0,0.0,0.0,0.0,0.0,500.0,500.0,0.0,0.0
2025-09-25 07:50:00+00:00,42.74217,0.04274217,0.0,0.0,0.0,0.0,0.0,0.0,500.0,500.0,0.0,0.0
2025-09-25 07:55:00+00:00,0.0,0.0,0.0,0.0,0.0,0.0,0.0,0.0,500.0,500.0,0.0,0.0
2025-09-25 08:00:00+00:00,45.24417,0.04524417,0.0,0.0,0.0,0.0,0.0,0.0,500.0,500.0,0.0,0.0
2025-09-25 08:05:00+00:00,45.09873,0.045098730000000004,0.0,0.0,0.0,0.0,0.0,0.0,500.0,500.0,0.0,0.0
2025-09-25 08:10:00+00:00,-1.41369,-0.00141369,0.0,0.0,0.0,0.0,0.0,0.0,500.0,500.0,-0.0,0.0
2025-09-25 08:15:00+00:00,-1.41884,-0.0014188400000000002,0.0,0.0,0.0,0.0,0.0,0.0,500.0,500.0,-0.0,0.0
2025-09-25 08:20:00+00:00,43.52988,0.04352988,0.0,0.0,0.0,0.0,0.0,0.0,500.0,500.0,0.0,0.0
2025-09-25 08:25:00+00:00,41.17419,0.041174190000000006,0.0,0.0,0.0,0.0,0.0,0.0,500.0,500.0,0.0,0.0
2025-09-25 08:30:00+00:00,42.48923,0.042489229999999996,0.0,0.0,0.0,0.0,0.0,0.0,500.0,500.0,0.0,0.0
2025-09-25 08:35:00+00:00,-1.39365,-0.00139365,0.0,0.0,0.0,0.0,0.0,0.0,500.0,500.0,-0.0,0.0
2025-09-25 08:40:00+00:00,0.0,0.0,0.0,0.0,0.0,0.0,0.0,0.0,500.0,500.0,0.0,0.0
2025-09-25 08:45:00+00:00,0.0,0.0,0.0,0.0,0.0,0.0,0.0,0.0,500.0,500.0,0.0,0.0
2025-09-25 08:50:00+00:00,0.0,0.0,0.0,0.0,0.0,0.0,0.0,0.0,500.0,500.0,0.0,0.0
2025-09-25 08:55:00+00:00,-1.35349,-0.0013534900000000002,0.0,0.0,0.0,0.0,0.0,0.0,500.0,500.0,-0.0,0.0
2025-09-25 09:00:00+00:00,-1.38767,-0.00138767,0.0,0.0,0.0,0.0,0.0,0.0,500.0,500.0,-0.0,0.0
2025-09-25 09:05:00+00:00,-1.38767,-0.00138767,0.0,0.0,0.0,0.0,0.0,0.0,500.0,500.0,-0.0,0.0
2025-09-25 09:10:00+00:00,0.0,0.0,0.0,0.0,0.0,0.0,0.0,0.0,500.0,500.0,0.0,0.0
2025-09-25 09:15:00+00:00,0.0,0.0,0.0,0.0,0.0,0.0,0.0,0.0,500.0,500.0,0.0,0.0
2025-09-25 09:20:00+00:00,40.87046,0.040870460000000004,0.0,0.0,0.0,0.0,0.0,0.0,500.0,500.0,0.0,0.0
2025-09-25 09:25:00+00:00,0.0,0.0,0.0,0.0,0.0,0.0,0.0,0.0,500.0,500.0,0.0,0.0
2025-09-25 09:30:00+00:00,41.59101,0.04159101,0.0,0.0,0.0,0.0,0.0,0.0,500.0,500.0,0.0,0.0
2025-09-25 09:35:00+00:00,40.87828,0.040878279999999996,0.0,0.0,0.0,0.0,0.0,0.0,500.0,500.0,0.0,0.0
2025-09-25 09:40:00+00:00,39.53034,0.039530340000000004,0.0,0.0,0.0,0.0,0.0,0.0,500.0,500.0,0.0,0.0
2025-09-25 09:45:00+00:00,0.0,0.0,0.0,0.0,0.0,0.0,0.0,0.0,500.0,500.0,0.0,0.0
2025-09-25 09:50:00+00:00,-1.28279,-0.00128279,0.0,0.0,0.0,0.0,0.0,0.0,500.0,500.0,-0.0,0.0
2025-09-25 09:55:00+00:00,0.0,0.0,0.0,0.0,0.0,0.0,0.0,0.0,500.0,500.0,0.0,0.0
2025-09-25 10:00:00+00:00,-1.28625,-0.0012862499999999999,0.0,0.0,0.0,0.0,0.0,0.0,500.0,500.0,-0.0,0.0
2025-09-25 10:05:00+00:00,-1.27746,-0.00127746,0.0,0.0,0.0,0.0,0.0,0.0,500.0,500.0,-0.0,0.0
2025-09-25 10:10:00+00:00,40.3831,0.0403831,0.0,0.0,0.0,0.0,0.0,0.0,500.0,500.0,0.0,0.0
2025-09-25 10:15:00+00:00,39.18086,0.039180860000000005,0.0,0.0,0.0,0.0,0.0,0.0,500.0,500.0,0.0,0.0
2025-09-25 10:20:00+00:00,-1.26007,-0.00126007,0.0,0.0,0.0,0.0,0.0,0.0,500.0,500.0,-0.0,0.0
2025-09-25 10:25:00+00:00,-1.26113,-0.00126113,0.0,0.0,0.0,0.0,0.0,0.0,500.0,500.0,-0.0,0.0
2025-09-25 10:30:00+00:00,0.0,0.0,0.0,0.0,0.0,0.0,0.0,0.0,500.0,500.0,0.0,0.0
2025-09-25 10:35:00+00:00,40.11464,0.04011464,0.0,0.0,0.0,0.0,0.0,0.0,500.0,500.0,0.0,0.0
2025-09-25 10:40:00+00:00,-1.24918,-0.00124918,0.0,0.0,0.0,0.0,0.0,0.0,500.0,500.0,-0.0,0.0
2025-09-25 10:45:00+00:00,0.0,0.0,0.0,0.0,0.0,0.0,0.0,0.0,500.0,500.0,0.0,0.0
2025-09-25 10:50:00+00:00,39.07278,0.03907278,0.0,0.0,0.0,0.0,0.0,0.0,500.0,500.0,0.0,0.0
2025-09-25 10:55:00+00:00,0.0,0.0,0.0,0.0,0.0,0.0,0.0,0.0,500.0,500.0,0.0,0.0
2025-09-25 11:00:00+00:00,-1.26074,-0.00126074,0.0,0.0,0.0,0.0,0.0,0.0,500.0,500.0,-0.0,0.0
2025-09-25 11:05:00+00:00,0.0,0.0,0.0,0.0,0.0,0.0,0.0,0.0,500.0,500.0,0.0,0.0
2025-09-25 11:10:00+00:00,0.0,0.0,0.0,0.0,0.0,0.0,0.0,0.0,500.0,500.0,0.0,0.0
2025-09-25 11:15:00+00:00,0.0,0.0,0.0,0.0,0.0,0.0,0.0,0.0,500.0,500.0,0.0,0.0
2025-09-25 11:20:00+00:00,39.19218,0.03919218,0.0,0.0,0.0,0.0,0.0,0.0,500.0,500.0,0.0,0.0
2025-09-25 11:25:00+00:00,0.0,0.0,0.0,0.0,0.0,0.0,0.0,0.0,500.0,500.0,0.0,0.0
2025-09-25 11:30:00+00:00,39.76751,0.03976751,0.0,0.0,0.0,0.0,0.0,0.0,500.0,500.0,0.0,0.0
2025-09-25 11:35:00+00:00,38.90884,0.03890884,0.0,0.0,0.0,0.0,0.0,0.0,500.0,500.0,0.0,0.0
2025-09-25 11:40:00+00:00,0.01142,1.1419999999999999e-05,0.0,0.0,0.0,0.0,0.0,0.0,500.0,500.0,0.0,0.0
2025-09-25 11:45:00+00:00,0.0127,1.2699999999999999e-05,0.0,0.0,0.0,0.0,0.0,0.0,500.0,500.0,0.0,0.0
2025-09-25 11:50:00+00:00,39.18519,0.03918519,0.0,0.0,0.0,0.0,0.0,0.0,500.0,500.0,0.0,0.0
2025-09-25 11:55:00+00:00,0.0127,1.2699999999999999e-05,0.0,0.0,0.0,0.0,0.0,0.0,500.0,500.0,0.0,0.0
2025-09-25 12:00:00+00:00,39.6543,0.039654299999999996,0.0,0.0,0.0,0.0,0.0,0.0,500.0,500.0,0.0,0.0
2025-09-25 12:05:00+00:00,-1.2991,-0.0012990999999999999,0.0,0.0,0.0,0.0,0.0,0.0,500.0,500.0,-0.0,0.0
2025-09-25 12:10:00+00:00,0.0,0.0,0.0,0.0,0.0,0.0,0.0,0.0,500.0,500.0,0.0,0.0
2025-09-25 12:15:00+00:00,-1.31263,-0.00131263,0.0,0.0,0.0,0.0,0.0,0.0,500.0,500.0,-0.0,0.0
2025-09-25 12:20:00+00:00,40.34161,0.04034161,0.0,0.0,0.0,0.0,0.0,0.0,500.0,500.0,0.0,0.0
2025-09-25 12:25:00+00:00,40.82486,0.040824860000000004,0.0,0.0,0.0,0.0,0.0,0.0,500.0,500.0,0.0,0.0
2025-09-25 12:30:00+00:00,0.0,0.0,0.0,0.0,0.0,0.0,0.0,0.0,500.0,500.0,0.0,0.0
2025-09-25 12:35:00+00:00,41.10401,0.04110401,0.0,0.0,0.0,0.0,0.0,0.0,500.0,500.0,0.0,0.0
2025-09-25 12:40:00+00:00,41.10401,0.04110401,0.0,0.0,0.0,0.0,0.0,0.0,500.0,500.0,0.0,0.0
2025-09-25 12:45:00+00:00,-1.42881,-0.00142881,0.0,0.0,0.0,0.0,0.0,0.0,500.0,500.0,-0.0,0.0
2025-09-25 12:50:00+00:00,42.24597,0.04224597,0.0,0.0,0.0,0.0,0.0,0.0,500.0,500.0,0.0,0.0
2025-09-25 12:55:00+00:00,0.0,0.0,0.0,0.0,0.0,0.0,0.0,0.0,500.0,500.0,0.0,0.0
2025-09-25 13:00:00+00:00,-0.18059,-0.00018059,0.0,0.0,0.0,0.0,0.0,0.0,500.0,500.0,-0.0,0.0
2025-09-25 13:05:00+00:00,-1.43753,-0.00143753,0.0,0.0,0.0,0.0,0.0,0.0,500.0,500.0,-0.0,0.0
2025-09-25 13:10:00+00:00,46.82862,0.04682862,0.0,0.0,0.0,0.0,0.0,0.0,500.0,500.0,0.0,0.0
2025-09-25 13:15:00+00:00,49.16601,0.04916601,0.0,0.0,0.0,0.0,0.0,0.0,500.0,500.0,0.0,0.0
2025-09-25 13:20:00+00:00,-2.62191,-0.0026219100000000003,0.0,0.0,0.0,0.0,0.0,0.0,500.0,500.0,-0.0,0.0
2025-09-25 13:25:00+00:00,-1.63115,-0.00163115,0.0,0.0,0.0,0.0,0.0,0.0,500.0,500.0,-0.0,0.0
2025-09-25 13:30:00+00:00,-0.31818,-0.00031818,0.0,0.0,0.0,0.0,0.0,0.0,500.0,500.0,-0.0,0.0
2025-09-25 13:35:00+00:00,50.84626,0.050846260000000004,0.0,0.0,0.0,0.0,0.0,0.0,500.0,500.0,0.0,0.0
2025-09-25 13:40:00+00:00,-1.58729,-0.00158729,0.0,0.0,0.0,0.0,0.0,0.0,500.0,500.0,-0.0,0.0
2025-09-25 13:45:00+00:00,-5.46953,-0.005469529999999999,0.0,0.0,0.0,0.0,0.0,0.0,500.0,500.0,-0.0,0.0
2025-09-25 13:50:00+00:00,50.7803,0.050780299999999993,0.0,0.0,0.0,0.0,0.0,0.0,500.0,500.0,0.0,0.0
2025-09-25 13:55:00+00:00,48.49894,0.04849894,0.0,0.0,0.0,0.0,0.0,0.0,500.0,500.0,0.0,0.0
2025-09-25 14:00:00+00:00,44.07027,0.04407027,0.0,0.0,0.0,0.0,0.0,0.0,500.0,500.0,0.0,0.0
2025-09-25 14:05:00+00:00,-7.07655,-0.00707655,0.0,0.0,0.0,0.0,0.0,0.0,500.0,500.0,-0.0,0.0
2025-09-25 14:10:00+00:00,-1.55871,-0.00155871,0.0,0.0,0.0,0.0,0.0,0.0,500.0,500.0,-0.0,0.0
2025-09-25 14:15:00+00:00,-1.28332,-0.0012833200000000001,0.0,0.0,0.0,0.0,0.0,0.0,500.0,500.0,-0.0,0.0
2025-09-25 14:20:00+00:00,25.42511,0.02542511,0.0,0.0,0.0,0.0,0.0,0.0,500.0,500.0,0.0,0.0
2025-09-25 14:25:00+00:00,-1.17595,-0.00117595,0.0,0.0,0.0,0.0,0.0,0.0,500.0,500.0,-0.0,0.0
2025-09-25 14:30:00+00:00,40.94549,0.04094549,0.0,0.0,0.0,0.0,0.0,0.0,500.0,500.0,0.0,0.0
2025-09-25 14:35:00+00:00,-1.25433,-0.00125433,0.0,0.0,0.0,0.0,0.0,0.0,500.0,500.0,-0.0,0.0
2025-09-25 14:40:00+00:00,27.50338,0.02750338,0.0,0.0,0.0,0.0,0.0,0.0,500.0,500.0,0.0,0.0
2025-09-25 14:45:00+00:00,-1.22171,-0.00122171,0.0,0.0,0.0,0.0,0.0,0.0,500.0,500.0,-0.0,0.0
2025-09-25 14:50:00+00:00,-1.1631,-0.0011631,0.0,0.0,0.0,0.0,0.0,0.0,500.0,500.0,-0.0,0.0
2025-09-25 14:55:00+00:00,28.69152,0.02869152,0.0,0.0,0.0,0.0,0.0,0.0,500.0,500.0,0.0,0.0
2025-09-25 15:00:00+00:00,36.62966,0.03662966,0.0,0.0,0.0,0.0,0.0,0.0,500.0,500.0,0.0,0.0
2025-09-25 15:05:00+00:00,-1.57351,-0.00157351,0.0,0.0,0.0,0.0,0.0,0.0,500.0,500.0,-0.0,0.0
2025-09-25 15:10:00+00:00,38.91334,0.03891334,0.0,0.0,0.0,0.0,0.0,0.0,500.0,500.0,0.0,0.0
2025-09-25 15:15:00+00:00,-4.01037,-0.00401037,0.0,0.0,0.0,0.0,0.0,0.0,500.0,500.0,-0.0,0.0
2025-09-25 15:20:00+00:00,36.30455,0.03630455,0.0,0.0,0.0,0.0,0.0,0.0,500.0,500.0,0.0,0.0
2025-09-25 15:25:00+00:00,-3.15251,-0.00315251,0.0,0.0,0.0,0.0,0.0,0.0,500.0,500.0,-0.0,0.0
2025-09-25 15:30:00+00:00,30.20173,0.030201730000000003,0.0,0.0,0.0,0.0,0.0,0.0,500.0,500.0,0.0,0.0
2025-09-25 15:35:00+00:00,-1.40319,-0.00140319,0.0,0.0,0.0,0.0,0.0,0.0,500.0,500.0,-0.0,0.0
2025-09-25 15:40:00+00:00,29.6741,0.0296741,0.0,0.0,0.0,0.0,0.0,0.0,500.0,500.0,0.0,0.0
2025-09-25 15:45:00+00:00,29.90579,0.029905789999999998,0.0,0.0,0.0,0.0,0.0,0.0,500.0,500.0,0.0,0.0
2025-09-25 15:50:00+00:00,28.23845,0.028238450000000002,0.0,0.0,0.0,0.0,0.0,0.0,500.0,500.0,0.0,0.0
2025-09-25 15:55:00+00:00,-1.39702,-0.00139702,0.0,0.0,0.0,0.0,0.0,0.0,500.0,500.0,-0.0,0.0
2025-09-25 16:00:00+00:00,-1.48087,-0.00148087,0.0,0.0,0.0,0.0,0.0,0.0,500.0,500.0,-0.0,0.0
2025-09-25 16:05:00+00:00,-5.58458,-0.00558458,0.0,0.0,0.0,0.0,0.0,0.0,500.0,500.0,-0.0,0.0
2025-09-25 16:10:00+00:00,-1.24918,-0.00124918,0.0,0.0,0.0,0.0,0.0,0.0,500.0,500.0,-0.0,0.0
2025-09-25 16:15:00+00:00,-1.13427,-0.00113427,0.0,0.0,0.0,0.0,0.0,0.0,500.0,500.0,-0.0,0.0
2025-09-25 16:20:00+00:00,-1.13702,-0.0011370199999999999,0.0,0.0,0.0,0.0,0.0,0.0,500.0,500.0,-0.0,0.0
2025-09-25 16:25:00+00:00,8.88028,0.00888028,0.0,0.0,0.0,0.0,0.0,0.0,500.0,500.0,0.0,0.0
2025-09-25 16:30:00+00:00,23.72839,0.023728390000000002,0.0,0.0,0.0,0.0,0.0,0.0,500.0,500.0,0.0,0.0
2025-09-25 16:35:00+00:00,-15.67557,-0.01567557,0.0,0.0,0.0,0.0,0.0,0.0,500.0,500.0,-0.0,0.0
2025-09-25 16:40:00+00:00,-15.68623,-0.01568623,0.0,0.0,0.0,0.0,0.0,0.0,500.0,500.0,-0.0,0.0
2025-09-25 16:45:00+00:00,-14.76202,-0.014762019999999999,0.0,0.0,0.0,0.0,0.0,0.0,500.0,500.0,-0.0,0.0
2025-09-25 16:50:00+00:00,21.76622,0.02176622,0.0,0.0,0.0,0.0,0.0,0.0,500.0,500.0,0.0,0.0
2025-09-25 16:55:00+00:00,20.65387,0.02065387,0.0,0.0,0.0,0.0,0.0,0.0,500.0,500.0,0.0,0.0
2025-09-25 17:00:00+00:00,-12.53269,-0.01253269,0.0,0.0,0.0,0.0,0.0,0.0,500.0,500.0,-0.0,0.0
2025-09-25 17:05:00+00:00,20.35288,0.02035288,0.0,0.0,0.0,0.0,0.0,0.0,500.0,500.0,0.0,0.0
2025-09-25 17:10:00+00:00,9.77318,0.00977318,0.0,0.0,0.0,0.0,0.0,0.0,500.0,500.0,0.0,0.0
2025-09-25 17:15:00+00:00,11.24788,0.01124788,0.0,0.0,0.0,0.0,0.0,0.0,500.0,500.0,0.0,0.0
2025-09-25 17:20:00+00:00,11.0907,0.0110907,0.0,0.0,0.0,0.0,0.0,0.0,500.0,500.0,0.0,0.0
2025-09-25 17:25:00+00:00,21.36749,0.02136749,0.0,0.0,0.0,0.0,0.0,0.0,500.0,500.0,0.0,0.0
2025-09-25 17:30:00+00:00,23.32783,0.023327829999999997,0.0,0.0,0.0,0.0,0.0,0.0,500.0,500.0,0.0,0.0
2025-09-25 17:35:00+00:00,-14.42354,-0.014423539999999999,0.0,0.0,0.0,0.0,0.0,0.0,500.0,500.0,-0.0,0.0
2025-09-25 17:40:00+00:00,-15.06654,-0.01506654,0.0,0.0,0.0,0.0,0.0,0.0,500.0,500.0,-0.0,0.0
2025-09-25 17:45:00+00:00,-1.0897,-0.0010896999999999999,0.0,0.0,0.0,0.0,0.0,0.0,500.0,500.0,-0.0,0.0
2025-09-25 17:50:00+00:00,8.70058,0.008700580000000001,0.0,0.0,0.0,0.0,0.0,0.0,500.0,500.0,0.0,0.0
2025-09-25 17:55:00+00:00,21.82009,0.02182009,0.0,0.0,0.0,0.0,0.0,0.0,500.0,500.0,0.0,0.0
2025-09-25 18:00:00+00:00,-10.27192,-0.01027192,0.0,0.0,0.0,0.0,0.0,0.0,500.0,500.0,-0.0,0.0
2025-09-25 18:05:00+00:00,22.77887,0.02277887,0.0,0.0,0.0,0.0,0.0,0.0,500.0,500.0,0.0,0.0
2025-09-25 18:10:00+00:00,-10.29686,-0.010296860000000001,0.0,0.0,0.0,0.0,0.0,0.0,500.0,500.0,-0.0,0.0
2025-09-25 18:15:00+00:00,-9.6553,-0.0096553,0.0,0.0,0.0,0.0,0.0,0.0,500.0,500.0,-0.0,0.0
2025-09-25 18:20:00+00:00,-1.34932,-0.00134932,0.0,0.0,0.0,0.0,0.0,0.0,500.0,500.0,-0.0,0.0
2025-09-25 18:25:00+00:00,24.48059,0.02448059,0.0,0.0,0.0,0.0,0.0,0.0,500.0,500.0,0.0,0.0
2025-09-25 18:30:00+00:00,25.51405,0.02551405,0.0,0.0,0.0,0.0,0.0,0.0,500.0,500.0,0.0,0.0
2025-09-25 18:35:00+00:00,-10.98332,-0.010983320000000001,0.0,0.0,0.0,0.0,0.0,0.0,500.0,500.0,-0.0,0.0
2025-09-25 18:40:00+00:00,-1.25075,-0.0012507500000000001,0.0,0.0,0.0,0.0,0.0,0.0,500.0,500.0,-0.0,0.0
2025-09-25 18:45:00+00:00,22.11522,0.02211522,0.0,0.0,0.0,0.0,0.0,0.0,500.0,500.0,0.0,0.0
2025-09-25 18:50:00+00:00,22.66162,0.02266162,0.0,0.0,0.0,0.0,0.0,0.0,500.0,500.0,0.0,0.0
2025-09-25 18:55:00+00:00,-13.21293,-0.01321293,0.0,0.0,0.0,0.0,0.0,0.0,500.0,500.0,-0.0,0.0
2025-09-25 19:00:00+00:00,21.61253,0.021612529999999998,0.0,0.0,0.0,0.0,0.0,0.0,500.0,500.0,0.0,0.0
2025-09-25 19:05:00+00:00,-13.89155,-0.01389155,0.0,0.0,0.0,0.0,0.0,0.0,500.0,500.0,-0.0,0.0
2025-09-25 19:10:00+00:00,5.99233,0.00599233,0.0,0.0,0.0,0.0,0.0,0.0,500.0,500.0,0.0,0.0
2025-09-25 19:15:00+00:00,23.14215,0.02314215,0.0,0.0,0.0,0.0,0.0,0.0,500.0,500.0,0.0,0.0
2025-09-25 19:20:00+00:00,4.57861,0.00457861,0.0,0.0,0.0,0.0,0.0,0.0,500.0,500.0,0.0,0.0
2025-09-25 19:25:00+00:00,22.9356,0.0229356,0.0,0.0,0.0,0.0,0.0,0.0,500.0,500.0,0.0,0.0
2025-09-25 19:30:00+00:00,-1.34852,-0.00134852,0.0,0.0,0.0,0.0,0.0,0.0,500.0,500.0,-0.0,0.0
2025-09-25 19:35:00+00:00,24.95866,0.024958659999999997,0.0,0.0,0.0,0.0,0.0,0.0,500.0,500.0,0.0,0.0
2025-09-25 19:40:00+00:00,9.3974,0.009397399999999998,0.0,0.0,0.0,0.0,0.0,0.0,500.0,500.0,0.0,0.0
2025-09-25 19:45:00+00:00,25.37642,0.02537642,0.0,0.0,0.0,0.0,0.0,0.0,500.0,500.0,0.0,0.0
2025-09-25 19:50:00+00:00,-1.50246,-0.00150246,0.0,0.0,0.0,0.0,0.0,0.0,500.0,500.0,-0.0,0.0
2025-09-25 19:55:00+00:00,26.79673,0.02679673,0.0,0.0,0.0,0.0,0.0,0.0,500.0,500.0,0.0,0.0
2025-09-25 20:00:00+00:00,-7.43717,-0.00743717,0.0,0.0,0.0,0.0,0.0,0.0,500.0,500.0,-0.0,0.0
2025-09-25 20:05:00+00:00,-6.66851,-0.006668510000000001,0.0,0.0,0.0,0.0,0.0,0.0,500.0,500.0,-0.0,0.0
2025-09-25 20:10:00+00:00,25.2792,0.025279199999999998,0.0,0.0,0.0,0.0,0.0,0.0,500.0,500.0,0.0,0.0
2025-09-25 20:15:00+00:00,16.85503,0.01685503,0.0,0.0,0.0,0.0,0.0,0.0,500.0,500.0,0.0,0.0
2025-09-25 20:20:00+00:00,16.93352,0.01693352,0.0,0.0,0.0,0.0,0.0,0.0,500.0,500.0,0.0,0.0
2025-09-25 20:25:00+00:00,-1.41552,-0.00141552,0.0,0.0,0.0,0.0,0.0,0.0,500.0,500.0,-0.0,0.0
2025-09-25 20:30:00+00:00,-1.47116,-0.00147116,0.0,0.0,0.0,0.0,0.0,0.0,500.0,500.0,-0.0,0.0
2025-09-25 20:35:00+00:00,-1.48478,-0.00148478,0.0,0.0,0.0,0.0,0.0,0.0,500.0,500.0,-0.0,0.0
2025-09-25 20:40:00+00:00,-5.6552,-0.0056552,0.0,0.0,0.0,0.0,0.0,0.0,500.0,500.0,-0.0,0.0
2025-09-25 20:45:00+00:00,-6.07374,-0.00607374,0.0,0.0,0.0,0.0,0.0,0.0,500.0,500.0,-0.0,0.0
2025-09-25 20:50:00+00:00,-6.48483,-0.00648483,0.0,0.0,0.0,0.0,0.0,0.0,500.0,500.0,-0.0,0.0
2025-09-25 20:55:00+00:00,-1.49251,-0.00149251,0.0,0.0,0.0,0.0,0.0,0.0,500.0,500.0,-0.0,0.0
2025-09-25 21:00:00+00:00,-3.06679,-0.0030667900000000002,0.0,0.0,0.0,0.0,0.0,0.0,500.0,500.0,-0.0,0.0
2025-09-25 21:05:00+00:00,-2.80518,-0.00280518,0.0,0.0,0.0,0.0,0.0,0.0,500.0,500.0,-0.0,0.0
2025-09-25 21:10:00+00:00,28.38979,0.02838979,0.0,0.0,0.0,0.0,0.0,0.0,500.0,500.0,0.0,0.0
2025-09-25 21:15:00+00:00,25.20321,0.02520321,0.0,0.0,0.0,0.0,0.0,0.0,500.0,500.0,0.0,0.0
2025-09-25 21:20:00+00:00,-4.3741,-0.0043741000000000006,0.0,0.0,0.0,0.0,0.0,0.0,500.0,500.0,-0.0,0.0
2025-09-25 21:25:00+00:00,-1.76818,-0.00176818,0.0,0.0,0.0,0.0,0.0,0.0,500.0,500.0,-0.0,0.0
2025-09-25 21:30:00+00:00,-1.70499,-0.00170499,0.0,0.0,0.0,0.0,0.0,0.0,500.0,500.0,-0.0,0.0
2025-09-25 21:35:00+00:00,28.27562,0.02827562,0.0,0.0,0.0,0.0,0.0,0.0,500.0,500.0,0.0,0.0
2025-09-25 21:40:00+00:00,29.43192,0.02943192,0.0,0.0,0.0,0.0,0.0,0.0,500.0,500.0,0.0,0.0
2025-09-25 21:45:00+00:00,36.87845,0.03687845,0.0,0.0,0.0,0.0,0.0,0.0,500.0,500.0,0.0,0.0
2025-09-25 21:50:00+00:00,-1.89156,-0.0018915599999999998,0.0,0.0,0.0,0.0,0.0,0.0,500.0,500.0,-0.0,0.0
2025-09-25 21:55:00+00:00,-5.97979,-0.0059797900000000005,0.0,0.0,0.0,0.0,0.0,0.0,500.0,500.0,-0.0,0.0
2025-09-25 22:00:00+00:00,-8.37411,-0.00837411,0.0,0.0,0.0,0.0,0.0,0.0,500.0,500.0,-0.0,0.0
2025-09-25 22:05:00+00:00,-1.56932,-0.0015693200000000001,0.0,0.0,0.0,0.0,0.0,0.0,500.0,500.0,-0.0,0.0
2025-09-25 22:10:00+00:00,18.99816,0.01899816,0.0,0.0,0.0,0.0,0.0,0.0,500.0,500.0,0.0,0.0
2025-09-25 22:15:00+00:00,-10.23263,-0.01023263,0.0,0.0,0.0,0.0,0.0,0.0,500.0,500.0,-0.0,0.0
2025-09-25 22:20:00+00:00,-1.44054,-0.00144054,0.0,0.0,0.0,0.0,0.0,0.0,500.0,500.0,-0.0,0.0
2025-09-25 22:25:00+00:00,-1.48546,-0.00148546,0.0,0.0,0.0,0.0,0.0,0.0,500.0,500.0,-0.0,0.0
2025-09-25 22:30:00+00:00,29.79523,0.02979523,0.0,0.0,0.0,0.0,0.0,0.0,500.0,500.0,0.0,0.0
2025-09-25 22:35:00+00:00,15.46127,0.015461270000000001,0.0,0.0,0.0,0.0,0.0,0.0,500.0,500.0,0.0,0.0
2025-09-25 22:40:00+00:00,32.1895,0.0321895,0.0,0.0,0.0,0.0,0.0,0.0,500.0,500.0,0.0,0.0
2025-09-25 22:45:00+00:00,-9.26329,-0.00926329,0.0,0.0,0.0,0.0,0.0,0.0,500.0,500.0,-0.0,0.0
2025-09-25 22:50:00+00:00,33.16913,0.033169130000000005,0.0,0.0,0.0,0.0,0.0,0.0,500.0,500.0,0.0,0.0
2025-09-25 22:55:00+00:00,-14.91174,-0.01491174,0.0,0.0,0.0,0.0,0.0,0.0,500.0,500.0,-0.0,0.0
2025-09-25 23:00:00+00:00,8.95863,0.008958629999999999,0.0,0.0,0.0,0.0,0.0,0.0,500.0,500.0,0.0,0.0
2025-09-25 23:05:00+00:00,-1.17077,-0.00117077,0.0,0.0,0.0,0.0,0.0,0.0,500.0,500.0,-0.0,0.0
2025-09-25 23:10:00+00:00,5.95649,0.00595649,0.0,0.0,0.0,0.0,0.0,0.0,500.0,500.0,0.0,0.0
2025-09-25 23:15:00+00:00,-15.52259,-0.01552259,0.0,0.0,0.0,0.0,0.0,0.0,500.0,500.0,-0.0,0.0
2025-09-25 23:20:00+00:00,21.73659,0.02173659,0.0,0.0,0.0,0.0,0.0,0.0,500.0,500.0,0.0,0.0
2025-09-25 23:25:00+00:00,22.22978,0.02222978,0.0,0.0,0.0,0.0,0.0,0.0,500.0,500.0,0.0,0.0
2025-09-25 23:30:00+00:00,-13.92402,-0.01392402,0.0,0.0,0.0,0.0,0.0,0.0,500.0,500.0,-0.0,0.0
2025-09-25 23:35:00+00:00,11.40127,0.01140127,0.0,0.0,0.0,0.0,0.0,0.0,500.0,500.0,0.0,0.0
2025-09-25 23:40:00+00:00,-16.60145,-0.01660145,0.0,0.0,0.0,0.0,0.0,0.0,500.0,500.0,-0.0,0.0
2025-09-25 23:45:00+00:00,-16.39369,-0.01639369,0.0,0.0,0.0,0.0,0.0,0.0,500.0,500.0,-0.0,0.0
2025-09-25 23:50:00+00:00,-1.72451,-0.00172451,0.0,0.0,0.0,0.0,0.0,0.0,500.0,500.0,-0.0,0.0
2025-09-25 23:55:00+00:00,-1.69789,-0.0016978899999999999,0.0,0.0,0.0,0.0,0.0,0.0,500.0,500.0,-0.0,0.0
2025-09-26 00:00:00+00:00,22.60569,0.022605689999999998,0.0,0.0,0.0,0.0,0.0,0.0,500.0,500.0,0.0,0.0
2025-09-26 00:05:00+00:00,24.60763,0.024607630000000002,0.0,0.0,0.0,0.0,0.0,0.0,500.0,500.0,0.0,0.0
2025-09-26 00:10:00+00:00,-0.55877,-0.00055877,0.0,0.0,0.0,0.0,0.0,0.0,500.0,500.0,-0.0,0.0
2025-09-26 00:15:00+00:00,34.88421,0.034884210000000006,0.0,0.0,0.0,0.0,0.0,0.0,500.0,500.0,0.0,0.0
2025-09-26 00:20:00+00:00,42.72963,0.04272963,0.0,0.0,0.0,0.0,0.0,0.0,500.0,500.0,0.0,0.0
2025-09-26 00:25:00+00:00,42.5456,0.0425456,0.0,0.0,0.0,0.0,0.0,0.0,500.0,500.0,0.0,0.0
2025-09-26 00:30:00+00:00,50.41341,0.05041341,0.0,0.0,0.0,0.0,0.0,0.0,500.0,500.0,0.0,0.0
2025-09-26 00:35:00+00:00,63.0303,0.0630303,0.0,0.0,0.0,0.0,0.0,0.0,500.0,500.0,0.0,0.0
2025-09-26 00:40:00+00:00,4.98486,0.004984860000000001,0.0,0.0,0.0,0.0,0.0,0.0,500.0,500.0,0.0,0.0
2025-09-26 00:45:00+00:00,-2.58672,-0.0025867200000000003,0.0,0.0,0.0,0.0,0.0,0.0,500.0,500.0,-0.0,0.0
2025-09-26 00:50:00+00:00,-3.05427,-0.00305427,0.0,0.0,0.0,0.0,0.0,0.0,500.0,500.0,-0.0,0.0
2025-09-26 00:55:00+00:00,77.99501,0.07799500999999999,0.0,0.0,0.0,0.0,0.0,0.0,500.0,500.0,0.0,0.0
2025-09-26 01:00:00+00:00,-1.82772,-0.00182772,0.0,0.0,0.0,0.0,0.0,0.0,500.0,500.0,-0.0,0.0
2025-09-26 01:05:00+00:00,-1.85479,-0.00185479,0.0,0.0,0.0,0.0,0.0,0.0,500.0,500.0,-0.0,0.0
2025-09-26 01:10:00+00:00,2.15518,0.00215518,0.0,0.0,0.0,0.0,0.0,0.0,500.0,500.0,0.0,0.0
2025-09-26 01:15:00+00:00,1.29506,0.00129506,0.0,0.0,0.0,0.0,0.0,0.0,500.0,500.0,0.0,0.0
2025-09-26 01:20:00+00:00,-1.70223,-0.0017022299999999999,0.0,0.0,0.0,0.0,0.0,0.0,500.0,500.0,-0.0,0.0
2025-09-26 01:25:00+00:00,42.85487,0.042854869999999996,0.0,0.0,0.0,0.0,0.0,0.0,500.0,500.0,0.0,0.0
2025-09-26 01:30:00+00:00,2.07872,0.00207872,0.0,0.0,0.0,0.0,0.0,0.0,500.0,500.0,0.0,0.0
2025-09-26 01:35:00+00:00,43.57185,0.043571849999999995,0.0,0.0,0.0,0.0,0.0,0.0,500.0,500.0,0.0,0.0
2025-09-26 01:40:00+00:00,44.22097,0.04422097,0.0,0.0,0.0,0.0,0.0,0.0,500.0,500.0,0.0,0.0
2025-09-26 01:45:00+00:00,-1.08942,-0.00108942,0.0,0.0,0.0,0.0,0.0,0.0,500.0,500.0,-0.0,0.0
2025-09-26 01:50:00+00:00,1.41581,0.00141581,0.0,0.0,0.0,0.0,0.0,0.0,500.0,500.0,0.0,0.0
2025-09-26 01:55:00+00:00,45.10374,0.04510374,0.0,0.0,0.0,0.0,0.0,0.0,500.0,500.0,0.0,0.0
2025-09-26 02:00:00+00:00,40.56333,0.04056333,0.0,0.0,0.0,0.0,0.0,0.0,500.0,500.0,0.0,0.0
2025-09-26 02:05:00+00:00,40.09016,0.04009016,0.0,0.0,0.0,0.0,0.0,0.0,500.0,500.0,0.0,0.0
2025-09-26 02:10:00+00:00,-1.44513,-0.00144513,0.0,0.0,0.0,0.0,0.0,0.0,500.0,500.0,-0.0,0.0
2025-09-26 02:15:00+00:00,0.76745,0.0007674499999999999,0.0,0.0,0.0,0.0,0.0,0.0,500.0,500.0,0.0,0.0
2025-09-26 02:20:00+00:00,41.6879,0.0416879,0.0,0.0,0.0,0.0,0.0,0.0,500.0,500.0,0.0,0.0
2025-09-26 02:25:00+00:00,41.21548,0.04121548,0.0,0.0,0.0,0.0,0.0,0.0,500.0,500.0,0.0,0.0
2025-09-26 02:30:00+00:00,-1.44171,-0.0014417100000000001,0.0,0.0,0.0,0.0,0.0,0.0,500.0,500.0,-0.0,0.0
2025-09-26 02:35:00+00:00,41.13956,0.041139560000000006,0.0,0.0,0.0,0.0,0.0,0.0,500.0,500.0,0.0,0.0
2025-09-26 02:40:00+00:00,-1.42699,-0.00142699,0.0,0.0,0.0,0.0,0.0,0.0,500.0,500.0,-0.0,0.0
2025-09-26 02:45:00+00:00,-1.40738,-0.0014073800000000002,0.0,0.0,0.0,0.0,0.0,0.0,500.0,500.0,-0.0,0.0
2025-09-26 02:50:00+00:00,-1.25793,-0.00125793,0.0,0.0,0.0,0.0,0.0,0.0,500.0,500.0,-0.0,0.0
2025-09-26 02:55:00+00:00,-1.3992,-0.0013992,0.0,0.0,0.0,0.0,0.0,0.0,500.0,500.0,-0.0,0.0
2025-09-26 03:00:00+00:00,-1.3525,-0.0013525,0.0,0.0,0.0,0.0,0.0,0.0,500.0,500.0,-0.0,0.0
2025-09-26 03:05:00+00:00,-1.36783,-0.00136783,0.0,0.0,0.0,0.0,0.0,0.0,500.0,500.0,-0.0,0.0
2025-09-26 03:10:00+00:00,40.75767,0.040757669999999996,0.0,0.0,0.0,0.0,0.0,0.0,500.0,500.0,0.0,0.0
2025-09-26 03:15:00+00:00,-1.33862,-0.00133862,0.0,0.0,0.0,0.0,0.0,0.0,500.0,500.0,-0.0,0.0
2025-09-26 03:20:00+00:00,40.73766,0.040737659999999995,0.0,0.0,0.0,0.0,0.0,0.0,500.0,500.0,0.0,0.0
2025-09-26 03:25:00+00:00,-3.12206,-0.00312206,0.0,0.0,0.0,0.0,0.0,0.0,500.0,500.0,-0.0,0.0
2025-09-26 03:30:00+00:00,40.56451,0.04056451,0.0,0.0,0.0,0.0,0.0,0.0,500.0,500.0,0.0,0.0
2025-09-26 03:35:00+00:00,37.55996,0.037559959999999996,0.0,0.0,0.0,0.0,0.0,0.0,500.0,500.0,0.0,0.0
2025-09-26 03:40:00+00:00,-1.37993,-0.0013799300000000001,0.0,0.0,0.0,0.0,0.0,0.0,500.0,500.0,-0.0,0.0
2025-09-26 03:45:00+00:00,36.04673,0.03604673,0.0,0.0,0.0,0.0,0.0,0.0,500.0,500.0,0.0,0.0
2025-09-26 03:50:00+00:00,36.90525,0.03690525,0.0,0.0,0.0,0.0,0.0,0.0,500.0,500.0,0.0,0.0
2025-09-26 03:55:00+00:00,-1.14278,-0.00114278,0.0,0.0,0.0,0.0,0.0,0.0,500.0,500.0,-0.0,0.0
2025-09-26 04:00:00+00:00,-2.61849,-0.00261849,0.0,0.0,0.0,0.0,0.0,0.0,500.0,500.0,-0.0,0.0
2025-09-26 04:05:00+00:00,-2.68333,-0.0026833300000000003,0.0,0.0,0.0,0.0,0.0,0.0,500.0,500.0,-0.0,0.0
2025-09-26 04:10:00+00:00,-1.1891,-0.0011891,0.0,0.0,0.0,0.0,0.0,0.0,500.0,500.0,-0.0,0.0
2025-09-26 04:15:00+00:00,-0.96691,-0.0009669100000000001,0.0,0.0,0.0,0.0,0.0,0.0,500.0,500.0,-0.0,0.0
2025-09-26 04:20:00+00:00,36.51127,0.036511270000000005,0.0,0.0,0.0,0.0,0.0,0.0,500.0,500.0,0.0,0.0
2025-09-26 04:25:00+00:00,40.36691,0.04036691,0.0,0.0,0.0,0.0,0.0,0.0,500.0,500.0,0.0,0.0
2025-09-26 04:30:00+00:00,39.63222,0.039632219999999996,0.0,0.0,0.0,0.0,0.0,0.0,500.0,500.0,0.0,0.0
2025-09-26 04:35:00+00:00,0.57379,0.00057379,0.0,0.0,0.0,0.0,0.0,0.0,500.0,500.0,0.0,0.0
2025-09-26 04:40:00+00:00,-1.14968,-0.00114968,0.0,0.0,0.0,0.0,0.0,0.0,500.0,500.0,-0.0,0.0
2025-09-26 04:45:00+00:00,39.99313,0.03999313,0.0,0.0,0.0,0.0,0.0,0.0,500.0,500.0,0.0,0.0
2025-09-26 04:50:00+00:00,39.99313,0.03999313,0.0,0.0,0.0,0.0,0.0,0.0,500.0,500.0,0.0,0.0
2025-09-26 04:55:00+00:00,-1.15695,-0.00115695,0.0,0.0,0.0,0.0,0.0,0.0,500.0,500.0,-0.0,0.0
2025-09-26 05:00:00+00:00,42.05386,0.04205386,0.0,0.0,0.0,0.0,0.0,0.0,500.0,500.0,0.0,0.0
2025-09-26 05:05:00+00:00,3.12095,0.00312095,0.0,0.0,0.0,0.0,0.0,0.0,500.0,500.0,0.0,0.0
2025-09-26 05:10:00+00:00,40.65334,0.04065334,0.0,0.0,0.0,0.0,0.0,0.0,500.0,500.0,0.0,0.0
2025-09-26 05:15:00+00:00,-1.24851,-0.00124851,0.0,0.0,0.0,0.0,0.0,0.0,500.0,500.0,-0.0,0.0
2025-09-26 05:20:00+00:00,42.25598,0.04225598,0.0,0.0,0.0,0.0,0.0,0.0,500.0,500.0,0.0,0.0
2025-09-26 05:25:00+00:00,41.12688,0.04112688,0.0,0.0,0.0,0.0,0.0,0.0,500.0,500.0,0.0,0.0
2025-09-26 05:30:00+00:00,2.27719,0.00227719,0.0,0.0,0.0,0.0,0.0,0.0,500.0,500.0,0.0,0.0
2025-09-26 05:35:00+00:00,40.97511,0.04097511,0.0,0.0,0.0,0.0,0.0,0.0,500.0,500.0,0.0,0.0
2025-09-26 05:40:00+00:00,0.0,0.0,0.0,0.0,0.0,0.0,0.0,0.0,500.0,500.0,0.0,0.0
2025-09-26 05:45:00+00:00,40.20221,0.04020221,0.0,0.0,0.0,0.0,0.0,0.0,500.0,500.0,0.0,0.0
2025-09-26 05:50:00+00:00,0.0,0.0,0.0,0.0,0.0,0.0,0.0,0.0,500.0,500.0,0.0,0.0
2025-09-26 05:55:00+00:00,0.0,0.0,0.0,0.0,0.0,0.0,0.0,0.0,500.0,500.0,0.0,0.0
2025-09-26 06:00:00+00:00,41.48494,0.041484940000000005,0.0,0.0,0.0,0.0,0.0,0.0,500.0,500.0,0.0,0.0
2025-09-26 06:05:00+00:00,-1.23757,-0.0012375700000000001,0.0,0.0,0.0,0.0,0.0,0.0,500.0,500.0,-0.0,0.0
2025-09-26 06:10:00+00:00,40.37949,0.04037949,0.0,0.0,0.0,0.0,0.0,0.0,500.0,500.0,0.0,0.0
2025-09-26 06:15:00+00:00,0.0,0.0,0.0,0.0,0.0,0.0,0.0,0.0,500.0,500.0,0.0,0.0
2025-09-26 06:20:00+00:00,41.6068,0.0416068,0.0,0.0,0.0,0.0,0.0,0.0,500.0,500.0,0.0,0.0
2025-09-26 06:25:00+00:00,40.83402,0.040834020000000006,0.0,0.0,0.0,0.0,0.0,0.0,500.0,500.0,0.0,0.0
2025-09-26 06:30:00+00:00,0.0,0.0,0.0,0.0,0.0,0.0,0.0,0.0,500.0,500.0,0.0,0.0
2025-09-26 06:35:00+00:00,40.18013,0.04018013,0.0,0.0,0.0,0.0,0.0,0.0,500.0,500.0,0.0,0.0
2025-09-26 06:40:00+00:00,40.18013,0.04018013,0.0,0.0,0.0,0.0,0.0,0.0,500.0,500.0,0.0,0.0
2025-09-26 06:45:00+00:00,-1.17544,-0.00117544,0.0,0.0,0.0,0.0,0.0,0.0,500.0,500.0,-0.0,0.0
2025-09-26 06:50:00+00:00,39.2533,0.039253300000000005,0.0,0.0,0.0,0.0,0.0,0.0,500.0,500.0,0.0,0.0
2025-09-26 06:55:00+00:00,0.0,0.0,0.0,0.0,0.0,0.0,0.0,0.0,500.0,500.0,0.0,0.0
2025-09-26 07:00:00+00:00,39.41056,0.03941056,0.0,0.0,0.0,0.0,0.0,0.0,500.0,500.0,0.0,0.0
2025-09-26 07:05:00+00:00,40.64621,0.04064621,0.0,0.0,0.0,0.0,0.0,0.0,500.0,500.0,0.0,0.0
2025-09-26 07:10:00+00:00,-1.22072,-0.00122072,0.0,0.0,0.0,0.0,0.0,0.0,500.0,500.0,-0.0,0.0
2025-09-26 07:15:00+00:00,37.82325,0.03782325,0.0,0.0,0.0,0.0,0.0,0.0,500.0,500.0,0.0,0.0
2025-09-26 07:20:00+00:00,0.0,0.0,0.0,0.0,0.0,0.0,0.0,0.0,500.0,500.0,0.0,0.0
2025-09-26 07:25:00+00:00,36.07317,0.036073169999999995,0.0,0.0,0.0,0.0,0.0,0.0,500.0,500.0,0.0,0.0
2025-09-26 07:30:00+00:00,37.95102,0.03795102,0.0,0.0,0.0,0.0,0.0,0.0,500.0,500.0,0.0,0.0
2025-09-26 07:35:00+00:00,-1.05533,-0.0010553300000000002,0.0,0.0,0.0,0.0,0.0,0.0,500.0,500.0,-0.0,0.0
2025-09-26 07:40:00+00:00,34.73931,0.03473931,0.0,0.0,0.0,0.0,0.0,0.0,500.0,500.0,0.0,0.0
2025-09-26 07:45:00+00:00,-1.00724,-0.00100724,0.0,0.0,0.0,0.0,0.0,0.0,500.0,500.0,-0.0,0.0
2025-09-26 07:50:00+00:00,33.82765,0.03382765,0.0,0.0,0.0,0.0,0.0,0.0,500.0,500.0,0.0,0.0
2025-09-26 07:55:00+00:00,-0.99246,-0.00099246,0.0,0.0,0.0,0.0,0.0,0.0,500.0,500.0,-0.0,0.0
2025-09-26 08:00:00+00:00,35.38804,0.035388039999999996,0.0,0.0,0.0,0.0,0.0,0.0,500.0,500.0,0.0,0.0
2025-09-26 08:05:00+00:00,36.42619,0.03642619,0.0,0.0,0.0,0.0,0.0,0.0,500.0,500.0,0.0,0.0
2025-09-26 08:10:00+00:00,0.0,0.0,0.0,0.0,0.0,0.0,0.0,0.0,500.0,500.0,0.0,0.0
2025-09-26 08:15:00+00:00,-1.01781,-0.00101781,0.0,0.0,0.0,0.0,0.0,0.0,500.0,500.0,-0.0,0.0
2025-09-26 08:20:00+00:00,34.9951,0.0349951,0.0,0.0,0.0,0.0,0.0,0.0,500.0,500.0,0.0,0.0
2025-09-26 08:25:00+00:00,35.65052,0.03565052,0.0,0.0,0.0,0.0,0.0,0.0,500.0,500.0,0.0,0.0
2025-09-26 08:30:00+00:00,34.06788,0.03406788,0.0,0.0,0.0,0.0,0.0,0.0,500.0,500.0,0.0,0.0
2025-09-26 08:35:00+00:00,34.04085,0.03404085,0.0,0.0,0.0,0.0,0.0,0.0,500.0,500.0,0.0,0.0
2025-09-26 08:40:00+00:00,-0.93395,-0.0009339499999999999,0.0,0.0,0.0,0.0,0.0,0.0,500.0,500.0,-0.0,0.0
2025-09-26 08:45:00+00:00,32.17197,0.03217197,0.0,0.0,0.0,0.0,0.0,0.0,500.0,500.0,0.0,0.0
2025-09-26 08:50:00+00:00,33.09874,0.03309874,0.0,0.0,0.0,0.0,0.0,0.0,500.0,500.0,0.0,0.0
2025-09-26 08:55:00+00:00,-0.93898,-0.0009389800000000001,0.0,0.0,0.0,0.0,0.0,0.0,500.0,500.0,-0.0,0.0
2025-09-26 09:00:00+00:00,36.17448,0.03617448,0.0,0.0,0.0,0.0,0.0,0.0,500.0,500.0,0.0,0.0
2025-09-26 09:05:00+00:00,35.8759,0.0358759,0.0,0.0,0.0,0.0,0.0,0.0,500.0,500.0,0.0,0.0
2025-09-26 09:10:00+00:00,0.0,0.0,0.0,0.0,0.0,0.0,0.0,0.0,500.0,500.0,0.0,0.0
2025-09-26 09:15:00+00:00,36.4189,0.036418900000000004,0.0,0.0,0.0,0.0,0.0,0.0,500.0,500.0,0.0,0.0
2025-09-26 09:20:00+00:00,0.0,0.0,0.0,0.0,0.0,0.0,0.0,0.0,500.0,500.0,0.0,0.0
2025-09-26 09:25:00+00:00,34.73478,0.03473478,0.0,0.0,0.0,0.0,0.0,0.0,500.0,500.0,0.0,0.0
2025-09-26 09:30:00+00:00,35.39166,0.03539166,0.0,0.0,0.0,0.0,0.0,0.0,500.0,500.0,0.0,0.0
2025-09-26 09:35:00+00:00,34.36369,0.034363689999999995,0.0,0.0,0.0,0.0,0.0,0.0,500.0,500.0,0.0,0.0
2025-09-26 09:40:00+00:00,-0.94581,-0.00094581,0.0,0.0,0.0,0.0,0.0,0.0,500.0,500.0,-0.0,0.0
2025-09-26 09:45:00+00:00,0.0,0.0,0.0,0.0,0.0,0.0,0.0,0.0,500.0,500.0,0.0,0.0
2025-09-26 09:50:00+00:00,33.72737,0.03372737,0.0,0.0,0.0,0.0,0.0,0.0,500.0,500.0,0.0,0.0
2025-09-26 09:55:00+00:00,0.0,0.0,0.0,0.0,0.0,0.0,0.0,0.0,500.0,500.0,0.0,0.0
2025-09-26 10:00:00+00:00,-0.95119,-0.00095119,0.0,0.0,0.0,0.0,0.0,0.0,500.0,500.0,-0.0,0.0
2025-09-26 10:05:00+00:00,0.0,0.0,0.0,0.0,0.0,0.0,0.0,0.0,500.0,500.0,0.0,0.0
2025-09-26 10:10:00+00:00,34.77852,0.03477852,0.0,0.0,0.0,0.0,0.0,0.0,500.0,500.0,0.0,0.0
2025-09-26 10:15:00+00:00,0.0,0.0,0.0,0.0,0.0,0.0,0.0,0.0,500.0,500.0,0.0,0.0
2025-09-26 10:20:00+00:00,34.46215,0.034462150000000004,0.0,0.0,0.0,0.0,0.0,0.0,500.0,500.0,0.0,0.0
2025-09-26 10:25:00+00:00,33.53383,0.03353383,0.0,0.0,0.0,0.0,0.0,0.0,500.0,500.0,0.0,0.0
2025-09-26 10:30:00+00:00,0.0,0.0,0.0,0.0,0.0,0.0,0.0,0.0,500.0,500.0,0.0,0.0
2025-09-26 10:35:00+00:00,0.0,0.0,0.0,0.0,0.0,0.0,0.0,0.0,500.0,500.0,0.0,0.0
2025-09-26 10:40:00+00:00,34.30119,0.034301189999999995,0.0,0.0,0.0,0.0,0.0,0.0,500.0,500.0,0.0,0.0
2025-09-26 10:45:00+00:00,33.97595,0.03397595,0.0,0.0,0.0,0.0,0.0,0.0,500.0,500.0,0.0,0.0
2025-09-26 10:50:00+00:00,-0.88677,-0.0008867699999999999,0.0,0.0,0.0,0.0,0.0,0.0,500.0,500.0,-0.0,0.0
2025-09-26 10:55:00+00:00,33.18868,0.03318868,0.0,0.0,0.0,0.0,0.0,0.0,500.0,500.0,0.0,0.0
2025-09-26 11:00:00+00:00,-0.80867,-0.00080867,0.0,0.0,0.0,0.0,0.0,0.0,500.0,500.0,-0.0,0.0
2025-09-26 11:05:00+00:00,30.57022,0.03057022,0.0,0.0,0.0,0.0,0.0,0.0,500.0,500.0,0.0,0.0
2025-09-26 11:10:00+00:00,30.69056,0.030690560000000002,0.0,0.0,0.0,0.0,0.0,0.0,500.0,500.0,0.0,0.0
2025-09-26 11:15:00+00:00,-0.83384,-0.00083384,0.0,0.0,0.0,0.0,0.0,0.0,500.0,500.0,-0.0,0.0
2025-09-26 11:20:00+00:00,0.0,0.0,0.0,0.0,0.0,0.0,0.0,0.0,500.0,500.0,0.0,0.0
2025-09-26 11:25:00+00:00,32.16649,0.032166490000000006,0.0,0.0,0.0,0.0,0.0,0.0,500.0,500.0,0.0,0.0
2025-09-26 11:30:00+00:00,32.55794,0.03255794,0.0,0.0,0.0,0.0,0.0,0.0,500.0,500.0,0.0,0.0
2025-09-26 11:35:00+00:00,32.28424,0.03228424,0.0,0.0,0.0,0.0,0.0,0.0,500.0,500.0,0.0,0.0
2025-09-26 11:40:00+00:00,33.26534,0.033265340000000004,0.0,0.0,0.0,0.0,0.0,0.0,500.0,500.0,0.0,0.0
2025-09-26 11:45:00+00:00,34.09777,0.03409777,0.0,0.0,0.0,0.0,0.0,0.0,500.0,500.0,0.0,0.0
2025-09-26 11:50:00+00:00,34.59558,0.03459558,0.0,0.0,0.0,0.0,0.0,0.0,500.0,500.0,0.0,0.0
2025-09-26 11:55:00+00:00,-0.90148,-0.00090148,0.0,0.0,0.0,0.0,0.0,0.0,500.0,500.0,-0.0,0.0
,,,0.0,0.0,0.0,0.0,0.0,0.0,500.0,500.0,0.0,0.0
